SampleID,Country,Latitude,Longitude,pc1,pc2,pc3
SAMP1,Kenya,0°09'09.22''N,34°51'20.48''E,-7.588055865,-1.06398527,-0.368557482
SAMP101,Madagascar,21°16'22.78''S,43°02'51.22''E,-7.591137491,-0.948024774,-2.096071796
SAMP103,Madagascar,21°11'43.65''S,47°09'23.69''E,-7.549526,-0.997013279,-1.227801645
SAMP105,Kenya,"1°13'18.8""S","36°53'47.9""E",-8.015620496,-0.734314416,-1.735211667
SAMP106,Kenya,"1°13'18.8""S","36°53'47.9""E",-7.567579745,-1.366936396,-2.168813182
SAMP107,Morocco,"34°00'22.9""N","6°43'22.0""W",-5.511177018,-0.588695197,0.714316766
SAMP108,Morocco,"34°00'22.9""N","6°43'22.0""W",-5.382160688,-0.521056813,1.183328563
SAMP1085,Mexico,"20°05'83""N","88°77'08""W",-3.666264686,1.284489254,0.235223746
SAMP1087,Mexico,"20°05'83""N","88°77'08""W",-3.875593827,0.087173977,-0.213858897
SAMP11,Kenya,8°09'35.51''N,34°09'35.40''E,-7.598402728,-0.399985807,-1.942259197
SAMP110,Morocco,"34°00'22.9""N","6°43'22.0""W",-5.769076966,-1.086974592,1.252482015
SAMP1105,Mexico,19°42'13''N,103°27'5''W,-3.106643413,0.375890811,-0.318078507
SAMP1106,Mexico,19°42'13''N,103°27'5''W,-1.108100134,1.011173498,-1.54356473
SAMP1109,Mexico,19°42'13''N,103°27'5''W,0.870994064,1.492301108,-1.38900263
SAMP112,Morocco,"31°27'39.3""N","7°51'54.8""W",-5.559502089,-0.573774785,1.776511542
SAMP1135,Mexico,19.0°42.00'13.00''N,103.0°27.00'5.00''W,0.549943664,0.255476993,-0.592398378
SAMP1136,Mexico,19°42'13''N,103°27'5''W,-2.237888803,0.393503073,0.676272971
SAMP1139,Mexico,19°42'13''N,103°27'5''W,-0.151915374,1.895367692,-1.097239212
SAMP114,Morocco,"31°27'39.3""N","7°51'54.8""W",-6.651456862,-0.472105357,1.203599587
SAMP1141,Mexico,19°42'13''N,103°27'5''W,0.442706466,1.320467435,0.274866422
SAMP1147,Mexico,"19°45'00""N","104°01'00""W",-0.378980644,1.605557435,0.319895
SAMP1149,Mexico,"19°45'00""N","104°01'00""W",-1.030747284,0.874811849,2.090794641
SAMP1151,Mexico,"19°45'00""N","104°01'00""W",-3.407757172,0.680571717,0.726768355
SAMP1165,Mexico,19°46'00''N,103°27'54''W,-5.140543224,0.727961622,0.881797652
SAMP1166,Mexico,19°46'00''N,103°27'54''W,-4.860796961,0.86173011,0.996752462
SAMP1168,Mexico,19.0°46.00'0.00''N,103.0°27.00'54.00''W,-3.338846118,1.202564993,1.698693182
SAMP1169,Mexico,"19°46'00""N","103°27'54""W",-3.633463343,0.459130727,0.548093287
SAMP117,Morocco,"31°27'39.3""N","7°51'54.8""W",-5.801055178,-1.323587663,1.540511611
SAMP1175,Mexico,19°34'30''N,"104°07'00""W",-4.507132173,-0.949149457,1.785915137
SAMP1177,Mexico,19°34'30''N,"104°07'00""W",-4.73685171,1.007468788,0.610270952
SAMP1179,Mexico,"19°34'30""N","104°07'00""w",-4.920030659,1.557597537,0.616125993
SAMP1181,Mexico,"19°34'30""N","104°07'00""w",-5.46058512,0.850034686,0.85942838
SAMP1188,Mexico,"19°34'30""N","104°07'00""w",-5.283589476,2.113878163,1.50419328
SAMP119,Morocco,"31°27'39.3""N","7°51'54.8""W",-7.085719666,-0.298534921,1.012098409
SAMP12,Kenya,"8°09'35.51""N","34°09'35.40""E",-7.81928756,-0.895354358,-1.51570635
SAMP1203,Mexico,19.0°37.00'60.00''N,104.0°22.00'0.00''W,-4.957320389,0.133509769,0.25621652
SAMP1204,Mexico,"19°38'00""N","104°22'00""W",-4.565005416,0.275730224,1.069775531
SAMP1205,Mexico,"19°38'00""N","104°22'00""W",-2.837559077,1.069907534,0.759125398
SAMP1207,Mexico,"19°38'00""N","104°22'00""W",-1.449414413,1.109214523,0.32578681
SAMP122,Morocco,34°48'18.9''N,5°28'57.7''W,-5.555931459,-0.333477143,0.907839598
SAMP123,Morocco,"34°48'18.9""N","5°28'57.7""W",-5.704071316,-0.407378018,1.268195597
SAMP1256,Bolivia,"20°49'30.1""S","64°56'39.7""W",-5.595688619,0.331459264,1.089134632
SAMP1257,Bolivia,"20°49'31.3""S","64°56'35.4""W",-4.338938722,0.107703762,0.355454908
SAMP1258,Bolivia,"20°49'31.3""S","64°56'35.4""W",-3.62115056,0.336721402,2.005732064
SAMP1264,Bolivia,"21°31'37.4""S","64°10'28.4""W",-5.583645216,0.376964151,0.669203616
SAMP1265,Bolivia,"21°31'37.4""S","64°10'28.4""W",-4.470828078,-0.343310101,1.62538435
SAMP1266,Bolivia,"21°31'37.4""S","64°10'28.4""W",-4.658867312,-0.427726495,2.019719167
SAMP1270,Bolivia,"19°48'21.9""S","63°59'46.7""W",-5.029629363,0.337351732,0.22836277
SAMP1271,Bolivia,"20°19'05.4""S","64°11'07.1""W",-3.587503937,0.414201938,1.076942343
SAMP1272,Bolivia,"20°19'05.4""S","64°11'07.1""W",-4.094007797,0.939343389,0.670473593
SAMP1273,Bolivia,"17°42'59.4""S","65°53'00.5""W",-5.708436425,1.517956987,2.660041493
SAMP1274,Bolivia,"17°42'59.4""S","65°53'00.5""W",-5.327243526,1.01807323,0.499952405
SAMP1275,Bolivia,"19°37'52.5""S","64°22'17.3""W",-5.1536102,0.394606141,0.985618148
SAMP1276,Bolivia,"19°37'52.5""S","64°22'17.3""W",-5.122268327,1.252297713,1.543936288
SAMP1277,Bolivia,"19°48'31.7""S","63°58'27.4""W",-5.989806324,0.032860747,-0.098906346
SAMP1278,Bolivia,"19°48'31.7""S","63°58'27.4""W",-5.417954847,0.930262595,2.358789859
SAMP1279,Bolivia,"19°09'23.9""S","65°16'03.5""W",-3.729549017,1.207778114,1.876496997
SAMP1280,Bolivia,"19°09'23.9""S","65°16'03.5""W",-4.621522685,0.43359973,0.512305289
SAMP1281,Bolivia,"19°48'31.7""S","63°58'27.4""W",-5.321055313,0.522539236,0.556126081
SAMP1282,Bolivia,"19°48'31.7""S","63°58'27.4""W",-5.287108986,0.805473479,1.136507143
SAMP1283,Bolivia,"15°35'02.2""S","67°14'51.3""W",-5.889294596,0.67590457,1.455930662
SAMP1284,Bolivia,"15°35'02.2""S","67°14'51.3""W",-6.076283798,0.053807378,-0.616075859
SAMP1285,Bolivia,"15°33'28.0""S","67°19'57.6""W",-5.238621723,-0.389729588,2.082617639
SAMP1286,Bolivia,"15°33'28.0""S","67°19'57.6""W",-7.030082632,-0.147787674,0.271473457
SAMP1287,Bolivia,"16°28'05.4""S","68°10'40.0""W",-5.408069824,0.19141458,0.953092041
SAMP1288,Bolivia,"16°28'05.4""S","68°10'40.0""W",-5.12511825,0.018507069,1.856284408
SAMP1289,Bolivia,"15°49'43.8""S","67°33'48.7""W",-6.285106214,0.125498353,-0.563849282
SAMP1290,Bolivia,"15°49'43.8""S","67°33'48.7""W",-5.614636135,0.660350485,1.155763703
SAMP1291,Bolivia,"16°28'21.8""S","67°27'11.1""W",-4.934960499,0.601448589,0.743606081
SAMP1292,Bolivia,"16°28'21.8""S","67°27'11.1""W",-5.536744376,0.727756894,-1.050097813
SAMP1293,Bolivia,"14°43'11.3""S","68°24'46.9""W",-7.002886624,0.112000922,0.428937751
SAMP1294,Bolivia,"14°43'11.3""S","68°24'46.9""W",-5.412335681,0.029930081,0.921451379
SAMP1295,Bolivia,"16°06'03.8""S","68°03'06.9""W",-2.176741595,1.59186488,-0.013451619
SAMP1296,Bolivia,"16°06'03.8""S","68°03'06.9""W",-1.76184107,1.349159393,-0.140185379
SAMP1298,Bolivia,"17°53'33.5""S","63°19'59.3""W",-6.171496529,1.212510572,0.475242443
SAMP1299,Bolivia,"17°53'33.5""S","63°19'59.3""W",-6.264179273,0.293798523,0.949195753
SAMP13,Kenya,0°17'40.99''N,34°30'55.01''E,-7.75250904,-0.299534367,-1.466093418
SAMP1300,Bolivia,"17°53'33.5""S","63°19'59.3""W",-5.17896473,1.092736168,1.520602469
SAMP1301,Bolivia,"17°24'03.9""S","63°52'51.3""W",-5.862213715,-0.021199772,0.712872259
SAMP1303,Bolivia,"17°24'03.9""S","63°52'51.3""W",-5.849417283,0.682553735,1.275998343
SAMP1304,Bolivia,"17°24'03.9""S","63°52'51.3""W",-5.330991906,0.237002843,1.509817785
SAMP1306,Bolivia,"17°40'00.3""S","62°43'05.9""W",-5.719056784,0.027557605,1.399118352
SAMP1307,Bolivia,"17°40'00.3""S","62°43'05.9""W",-5.331794063,0.449948453,0.379143587
SAMP1308,Bolivia,"17°40'00.3""S","62°43'05.9""W",-5.823177548,-0.084254657,1.476927194
SAMP1310,Bolivia,"18°54'02.3""S","63°23'45.3""W",-4.827224211,-0.38794724,1.238414776
SAMP1311,Bolivia,"18°54'02.3""S","63°23'45.3""W",-5.948942136,0.216832815,1.373435296
SAMP1312,Bolivia,"18°54'02.3""S","63°23'45.3""W",-4.440621114,0.048961492,0.105175331
SAMP1314,Bolivia,"17°23'38.6""S","66°09'26.4""W",-7.164072511,0.67683184,1.640952602
SAMP1315,Bolivia,"17°23'38.6""S","66°09'26.4""W",-6.418053084,1.165848589,1.384044063
SAMP1316,Bolivia,"17°23'38.6""S","66°09'26.4""W",-7.432617177,0.431407491,1.76701542
SAMP1318,Bolivia,"16°58'17.5""S","65°25'18.7""W",-3.759419424,0.78471491,0.212025574
SAMP1319,Bolivia,"16°58'17.5""S","65°25'18.7""W",-2.87990275,1.212196868,1.578805205
SAMP1320,Bolivia,"16°58'17.5""S","65°25'18.7""W",-3.199682883,1.227009532,0.55772368
SAMP1321,Bolivia,"17°56'22.9""S","65°20'15.1""W",-4.807789313,-0.985354973,0.062854478
SAMP1322,Bolivia,"17°56'22.9""S","65°20'15.1""W",-4.338395385,-0.368927022,0.323232692
SAMP1323,Bolivia,"17°56'32.6""S","65°20'53.7""W",-4.218443172,1.326986977,1.77767263
SAMP1324,Bolivia,"17°56'32.6""S","65°20'53.7""W",-4.571142221,1.08183397,0.72327656
SAMP1325,Bolivia,"17°56'39.1""S","65°20'27.5""W",-5.432835559,0.034846569,0.869396917
SAMP1326,Bolivia,"17°56'39.1""S","65°20'27.5""W",-4.697758727,-0.301523512,1.63960821
SAMP1327,Bolivia,"17°04'49.7""S","66°48'51.6""W",-5.018680319,1.666058703,0.815193966
SAMP1328,Bolivia,"17°04'49.7""S","66°48'51.6""W",-5.934002443,0.671358364,0.568275616
SAMP1330,Bolivia,"18°56'58.4""S","65°00'00.2""W",-4.111842353,0.427000686,0.212608913
SAMP1331,Panama,9°18'12.4''N,78°14'11.9''W,-5.472926829,0.536162313,1.813383644
SAMP1332,Panama,9°18'12.4''N,78°14'11.9''W,-6.52774538,0.263644744,1.162618421
SAMP1333,Panama,9°18'12.4''N,78°14'11.9''W,-5.807659768,0.049013656,0.679641133
SAMP1334,Panama,8°27'58.7''N,77°56'53.6''W,-5.155596862,0.32782496,1.673432547
SAMP1335,Panama,8°27'58.7''N,77°56'53.6''W,-6.195622239,-0.269102376,0.415738027
SAMP1337,Panama,8°27'58.7''N,77°56'53.6''W,-5.254388251,-0.241096065,2.129991924
SAMP1338,Panama,8°28'19.6''N,77°57'10.3''W,-5.433459502,-0.109504727,0.89569288
SAMP1340,Panama,8°28'19.6''N,77°57'10.3''W,-5.152369446,-0.589697199,0.27496333
SAMP1345,Panama,8°27'58.7''N,77°56'53.6''W,-6.476179262,-0.633751524,0.91953616
SAMP1347,Panama,8°28'19.6''N,77°57'10.3''W,-5.627934951,0.536458118,0.472240375
SAMP1351,Panama,8°27'58.7''N,77°56'53.6''W,-3.972884396,-1.023798006,0.257761936
SAMP1353,Panama,9°00'09.8''N,79°46'36.5''W,-6.607755289,0.479014612,-0.090333707
SAMP1355,Panama,9°00'08.8''N,79°47'26.0''W,-7.191053257,1.2882034,1.245216994
SAMP1356,Panama,9°00'08.8''N,79°47'26.0''W,-6.684661419,0.404705577,1.790716062
SAMP1357,Panama,9°00'09.8''N,79°46'36.5''W,-6.791539566,-0.160686735,0.025826043
SAMP1359,Panama,8°15'25.3''N,80°32'30.8''W,-6.17000661,-0.441004799,0.776417185
SAMP1360,Panama,8°15'25.3''N,80°32'30.8''W,-6.4886273,-0.194006976,-0.406331995
SAMP1361,Panama,8°15'25.3''N,80°32'30.8''W,-5.927049723,0.228784689,0.044759816
SAMP1362,Panama,8°15'25.3''N,80°32'30.8''W,-6.560570047,0.517760501,0.687134225
SAMP1363,Panama,8°04'44.4''N,80°45'42.7''W,-6.034255575,1.229943735,1.703323367
SAMP1364,Panama,8°04'44.4''N,80°45'42.7''W,-6.691820972,0.539274806,1.287626498
SAMP1366,Panama,8°04'44.4''N,80°45'42.7''W,-6.032623591,0.847626764,0.169569408
SAMP1367,Panama,8°25'21.9''N,81°03'16.4''W,-5.563208826,0.139438071,0.655098658
SAMP1368,Panama,8.0°25.00'21.90''N,81.0°3.00'16.40''W,-5.768680659,-0.104097785,0.345853694
SAMP1369,Panama,8°25'21.9''N,81°03'16.4''W,-6.389872348,-0.194502761,-0.312219042
SAMP1370,Panama,8°25'21.9''N,81°03'16.4''W,-5.384772502,-0.02997282,0.016303745
SAMP1371,Panama,8°31'16.3''N,82°11'38.2''W,-5.744517618,0.384399612,0.344666424
SAMP1374,Panama,8°31'16.3''N,82°11'38.2''W,-7.241552891,-0.321110827,0.109228586
SAMP1377,Panama,8°32'36.2''N,82°40'07.8''W,-6.553297963,-0.727262125,0.470138924
SAMP1379,Panama,8°36'31.3''N,82°37'59.0''W,-6.5765527,0.296078012,0.050080033
SAMP138,Morocco,34°48'18.9''N,5°28'57.7''W,-6.207520058,-0.391366634,1.631966612
SAMP1382,Panama,8.0°28.00'12.80''N,82.0°46.00'39.70''W,-6.037841317,0.242066906,0.480131384
SAMP1383,Panama,8°28'12.8''N,82°46'39.7''W,-5.770368291,-0.486384363,-0.768989263
SAMP1385,Panama,8°30'24.9''N,82°47'04.7''W,-5.936910198,0.273651374,1.513149492
SAMP1386,Panama,8°30'24.9''N,82°47'04.7''W,-5.684334907,0.397016501,0.849522051
SAMP1387,Panama,8°30'24.9''N,82°47'04.7''W,-5.685295408,0.623567932,-1.251596837
SAMP1388,Panama,8°30'24.9''N,82°47'04.7''W,-5.981523044,0.447963038,0.273520629
SAMP1389,Costa Rica,"9°43'6.01""N","84°3'28.53""W",-3.151551902,1.44633851,0.695061264
SAMP139,Morocco,"34°48'18.9""N","5°28'57.7""W",-6.101117796,-0.132679917,1.512653148
SAMP1390,Costa Rica,"9°43'6.01""N","84°3'28.53""W",-3.465998637,0.06460553,-0.656514223
SAMP1391,Costa Rica,"9°56'13.45""N","84°13'57.79""W",-5.299225019,0.938339476,0.273551285
SAMP1392,Costa Rica,"9°56'13.45""N","84°13'57.79""W",-5.587054139,0.555454215,0.734194379
SAMP1393,Costa Rica,"9°51'25.27""N","83°50'21.06""W",-5.262090662,0.272227937,1.260751489
SAMP1394,Costa Rica,"9°51'25.27""N","83°50'21.06""W",-5.980527693,0.121222439,-0.867007435
SAMP1395,Costa Rica,"10°5'10.21""N","84°28'46.17""W",-4.984968069,1.276037185,1.1127861
SAMP1396,Costa Rica,"10°5'10.21""N","84°28'46.17""W",-4.585604675,-0.397447204,0.893949564
SAMP1397,Costa Rica,"10°17'58.52""N","84°35'43.26""W",-4.678059873,-0.390615912,-0.92999914
SAMP1398,Costa Rica,"10°17'58.52""N","84°35'43.26""W",-4.815378108,-0.049630317,1.127373029
SAMP1399,Argentina,"26°48'1.59""S","60°25'52.45""W",-4.188061931,0.104007762,1.659443046
SAMP14,Kenya,"0°17'40.99""N","34°30'55.01""E",-7.040160602,-1.075891921,-1.250759691
SAMP1400,Argentina,"26°48'1.59""S","60°25'52.45""W",-4.2243966,0.359730522,0.677646083
SAMP1401,Argentina,"26°5'41.89""S","58°30'59.29""W",-5.200900747,0.657641372,2.008526392
SAMP1402,Argentina,"26°5'41.89""S","58°30'59.29""W",-5.891191631,-0.056600358,1.342961717
SAMP1403,Argentina,"31°9'12.30""S","64°17'55.54""W",-3.019166513,1.002912716,1.063567745
SAMP1404,Argentina,"31°9'12.30""S","64°17'55.54""W",-2.880309174,1.853121443,1.223996751
SAMP1405,Argentina,"30°44'57.00""S","64°38'54.30""W",-2.663466351,1.484109042,0.197164706
SAMP1406,Argentina,"30°44'57.00""S","64°38'54.30""W",-1.122825897,1.876260478,0.430512296
SAMP1407,Argentina,"30°45'27.31""S","64°40'18.00""W",-1.82224036,1.095183452,1.372787267
SAMP1408,Argentina,"30°45'27.31""S","64°40'18.00""W",-2.392933109,1.238413387,-0.742899873
SAMP1409,Argentina,"30°45'6.10""S","64°39'44.63""W",-0.757595884,1.441017902,1.05607811
SAMP141,Morocco,34°48'18.9''N,5°28'57.7''W,-6.427267179,0.041231728,1.56409418
SAMP1411,Argentina,"41°8'0.50""S","71°18'37.00""W",9.633864739,2.16641518,-2.912542138
SAMP1412,Argentina,"41°8'0.50""S","71°18'37.00""W",9.011460884,1.491789153,-3.376637235
SAMP1413,Argentina,26°24'33.41''S,54°40'13.49''W,-6.683066126,0.899725223,1.291065711
SAMP1419,Argentina,24°05'21.84''S,65°17'09.44''W,-4.462024678,1.592222254,2.359911468
SAMP142,Morocco,34°48'18.9''N,5°28'57.7''W,-5.893210816,0.724238306,1.374552009
SAMP1421,Argentina,"37°52'5.98""S","58°17'50.53""W",7.706062536,3.515036526,-2.32313614
SAMP1422,Argentina,"37°52'5.98""S","58°17'50.53""W",6.521180647,3.713552906,0.798286787
SAMP1423,Argentina,"27°43'49.63""S","64°14'36.41""W",-6.894269688,1.030703869,0.164771327
SAMP1424,Argentina,"27°43'49.63""S","64°14'36.41""W",-6.155390507,0.508582442,1.723172559
SAMP1426,Argentina,"27°49'14.05""S","64°10'29.64""W",1.962608477,1.499396605,-0.317425923
SAMP1427,Argentina,"27°47'1.62""S","64°14'54.63""W",1.445431218,1.115754941,1.146142084
SAMP1428,Argentina,"27°47'1.62""S","64°14'54.63""W",-4.269424377,-0.244916528,1.358141561
SAMP143,Morocco,34°48'18.9''N,5°28'57.7''W,-7.017118416,-0.087400594,0.835779719
SAMP1431,Argentina,28°52'30.71''S,67°33'16.08''W,2.813208264,-0.11397766,0.663754127
SAMP1432,Argentina,28°52'30.71''S,67°33'16.08''W,-3.285282395,0.512059924,1.203265553
SAMP1433,Argentina,"27°25'29.59""S","65°59'27.37""W",-5.372772147,-0.059035073,-0.154466012
SAMP1434,Argentina,"27°25'29.59""S","65°59'27.37""W",-4.555207776,0.246432747,0.471957341
SAMP1435,Argentina,"33°37'41.19""S","69°01'49.58""W",8.498965742,2.567790012,-0.047628976
SAMP1436,Argentina,"33°37'41.19""S","69°01'49.58""W",6.360865723,1.866431693,-1.615217761
SAMP1437,Argentina,"26°50'21.07""S","65°16'57.77""W",-4.054784725,1.417473943,1.625113068
SAMP1438,Argentina,"26°50'21.07""S","65°16'57.77""W",-3.719828959,0.37875339,0.174919683
SAMP1439,Argentina,"26°47'11.34""S","65°19'25.27""W",-4.318328528,0.869696616,2.744938151
SAMP144,Morocco,"34°48'18.9""N","5°28'57.7""W",-5.997902056,-0.089641003,2.288520409
SAMP1440,Argentina,"26°47'11.34""S","65°19'25.27""W",-4.89753296,0.244512956,1.917193148
SAMP1441,Argentina,"34°34'4.67""S","59°13'3.74""W",5.844609631,3.171375103,0.227664686
SAMP1442,Argentina,"34°34'4.67""S","59°13'3.74""W",5.971549647,2.55269697,1.544933106
SAMP1444,Argentina,"34°36'57.57""S","58°39'22.99""W",4.729394347,3.369501918,1.739037235
SAMP1445,Argentina,"26°38'52.58""S","65°7'55.61""W",-1.849682131,1.248982226,1.690986082
SAMP1446,Argentina,"26°38'52.58""S","65°7'55.61""W",4.599361407,2.755351024,1.43957723
SAMP1447,Argentina,"27°35'52.04""S","65°37'44.78""W",8.37851793,2.661671666,-0.807147808
SAMP1449,Argentina,"27°18'0.01""S","65°7'7.36""W",-4.774562945,0.598457563,0.508165512
SAMP1450,Argentina,"27°18'0.01""S","65°7'7.36""W",-4.632503412,0.711761346,1.022449908
SAMP1451,Argentina,"27°18'0.01""S","65°7'7.36""W",-4.331390583,0.559301384,0.789231074
SAMP1452,Argentina,"34°26'34.66""S","59°26'50.06""W",7.052686399,3.326428048,-0.721548094
SAMP1453,Argentina,"34°26'34.66""S","59°26'50.06""W",7.181415738,3.266827865,-0.867988533
SAMP1454,Turkey,migratorybeekeeping,0,6.51726857,-8.678690372,1.749309823
SAMP1456,Turkey,migratorybeekeeping,0,5.801332622,-8.083677561,0.814333752
SAMP146,Morocco,"34°00'22.9""N","6°43'22.0""W",-6.71143121,0.117569275,1.167547505
SAMP1478,Turkey,"36°46'12.0""N","29°12'36.0""E",6.12529024,-9.06782027,0.948577505
SAMP1480,Turkey,"36°46'12.0""N","29°12'36.0""E",5.405217523,-9.077420968,1.421166861
SAMP1492,Turkey,"35°59'24.0""N","36°09'00.0""E",6.558546647,-7.933807723,0.643095022
SAMP1494,Turkey,"35°59'24.0""N","36°09'00.0""E",6.628764951,-7.907822994,1.383252629
SAMP15,Kenya,"0°15'27.88""N","34°45'03.98""E",-8.190572098,-0.705741503,-1.605892572
SAMP1502,Turkey,"41°37'12.0""N","27°21'36.0""E",8.450024601,-3.409992726,-3.822129119
SAMP1504,Turkey,"41°55'12.0""N","27°26'24.0""E",9.511770946,-3.744214309,-2.365032656
SAMP1508,Turkey,"40°48'00.0""N","27°21'36.0""E",7.803369405,-5.224509847,-1.458367208
SAMP1509,Turkey,"40°40'12.0""N","27°13'12.0""E",6.914390371,-7.142124093,-1.12864653
SAMP151,Morocco,"34°00'22.9""N","6°43'22.0""W",-6.375874704,-0.038424167,1.199076975
SAMP1510,Turkey,"40°48'00.0""N","27°21'36.0""E",7.244604882,-5.728229778,-2.005839308
SAMP1522,Turkey,"40°07'12.0""N","30°06'00.0""E",5.798086183,-9.037549248,1.067701998
SAMP1523,Turkey,"39°22'48.0""N","29°34'48.0""E",5.854538599,-9.461270551,1.056066516
SAMP1525,Turkey,"39°38'24.0""N","31°04'12.0""E",6.139615884,-8.921070729,1.120659034
SAMP1526,Turkey,"39°38'24.0""N","31°04'12.0""E",5.959769013,-8.224743391,0.429012114
SAMP1528,Turkey,"40°37'48.0""N","26°33'00.0""E",5.641984851,-8.794399129,0.849113392
SAMP1529,Turkey,"40°37'48.0""N","31°42'00.0""E",6.037266486,-9.068648263,1.330688358
SAMP1530,Turkey,"41°16'48.0""N","31°49'12.0""E",5.669632412,-8.78678362,1.087286704
SAMP1531,Turkey,"40°37'48.0""N","31°42'00.0""E",6.354637424,-8.600070368,1.335126813
SAMP154,Morocco,"34°00'22.9""N","6°43'22.0""W",-6.205605899,-0.648774593,0.868121714
SAMP1549,Turkey,migratorybeekeeping,migratorybeekeeping,5.692519454,-9.462463312,1.828907962
SAMP1550,Turkey,"41°15'00.0""N","42°21'00.0""E",5.880646632,-9.632879292,1.653844391
SAMP1551,Turkey,"41°57'00.0""N","27°09'36.0""E",8.334507058,-4.765360534,-2.997956872
SAMP157,Morocco,"34°00'22.9""N","6°43'22.0""W",-6.313924576,-0.70101714,0.833915708
SAMP1570,Turkey,migratorybeekeeping,migratorybeekeeping,8.467908552,-3.594379772,-2.709145404
SAMP158,Morocco,"34°00'22.9""N","6°43'22.0""W",-6.330936519,-0.412342458,0.891355008
SAMP1582,Turkey,migratorybeekeeping,migratorybeekeeping,5.980045562,-9.416910077,1.724674186
SAMP159,Morocco,"34°00'22.9""N","6°43'22.0""W",-5.935846399,-0.909426812,1.952801338
SAMP16,Kenya,"0°15'27.88""N","34°45'03.98""E",-7.920630047,-1.222794972,-1.550925449
SAMP1620,Turkey,"41°10'12.0""N","41°48'00.0""E",5.707589264,-9.895542276,1.809794198
SAMP1638,Turkey,migratorybeekeeping,migratorybeekeeping,6.058494993,-8.649345193,1.240970409
SAMP1639,Turkey,"40°57'36.0""N","31°27'00.0""E",6.451862042,-8.331465226,0.949388893
SAMP164,Morocco,31°27'39.3''N,7°51'54.8''W,-5.426131066,-0.68942974,1.451394067
SAMP1640,Turkey,"40°57'36.0""N","31°27'00.0""E",6.092783548,-8.619101386,1.760543088
SAMP1653,Turkey,"41°13'48.0""N","42°51'36.0""E",5.858154495,-9.60175758,1.135008275
SAMP1654,Turkey,"41°13'48.0""N","42°51'36.0""E",5.920293851,-9.727326192,1.81529021
SAMP1656,Turkey,"41°14'24.0""N","42°47'24.0""E",5.769185537,-9.62427523,1.382851705
SAMP1660,Turkey,migratorybeekeeping,migratorybeekeeping,5.107881625,-9.291657788,1.023740641
SAMP1662,Turkey,migratorybeekeeping,migratorybeekeeping,5.895633035,-8.697566945,1.203654392
SAMP17,Kenya,"0°15'42.98""N","34°55'40.31""E",-8.086895238,-0.259207652,-1.952325017
SAMP171,Morocco,31°27'39.3''N,7°51'54.8''W,-6.043585275,-0.857841477,1.602536361
SAMP172,Morocco,31°27'39.3''N,7°51'54.8''W,-6.191679255,-0.526013699,0.964538307
SAMP173,Morocco,"31°27'39.3""N","7°51'54.8""W",-6.619904172,-0.544398596,0.786816895
SAMP1754,Israel,31°57'50.49''N,34°50'32.20''E,7.354033537,-0.878215563,-1.609993075
SAMP1755,Israel,31°57'50.49''N,34°50'32.20''E,6.978693649,0.300748792,-1.371517978
SAMP1758,Israel,31°57'50.49''N,34°50'32.20''E,7.507568119,-1.500503644,-1.523247502
SAMP1759,Israel,31°57'50.49''N,34°50'32.20''E,6.384206104,-1.539218841,-0.733527561
SAMP1762,Israel,31°57'50.49''N,34°50'32.20''E,7.801034858,-1.804533996,0.696675641
SAMP1763,Israel,31°57'50.49''N,34°50'32.20''E,7.558720539,-2.270634051,-0.5126647
SAMP1766,Israel,31°57'50.49''N,34°50'32.20''E,7.136469669,0.271462734,0.506635998
SAMP1767,Israel,31.0°57.00'50.49''N,34.0°50.00'32.20''E,8.049517095,0.610658531,-0.497955105
SAMP1776,Israel,31°49'27.74''N,35°06'17.71''E,6.777351563,-0.398222149,-1.135098262
SAMP1777,Israel,31°49'27.74''N,35°06'17.71''E,7.752832265,-1.10725178,-1.236435026
SAMP1782,Israel,32.0°16.00'33.75''N,34.0°52.00'45.02''E,8.311450388,-0.555407906,-1.841001579
SAMP1783,Israel,32°16'33.75''N,34°52'45.02''E,8.244785172,-1.987370685,-2.792091555
SAMP1786,Israel,32°16'33.75''N,34°52'45.02''E,8.1409529,-0.478339544,0.342469912
SAMP1787,Israel,32°16'33.75''N,34°52'45.02''E,8.209275044,-0.680117446,0.169436268
SAMP179,Zambia,11°12'33.67''S,28°53'33.10''E,-6.920178487,-1.495544085,-1.532898153
SAMP1790,Israel,31°58'46.78''N,34°46'31.48''E,7.054173574,-0.819337388,-2.140376277
SAMP1791,Israel,31°58'46.78''N,34°46'31.48''E,7.570590975,-0.052112485,-0.208554035
SAMP1792,Israel,31.0°59.00'51.51''N,34.0°48.00'59.79''E,7.780532803,-0.676319328,-2.168521842
SAMP1793,Israel,31°59'51.51''N,34°48'59.79''E,7.733062337,0.378273726,-1.612262718
SAMP1794,Israel,31°59'51.51''N,34°48'59.79''E,8.540006419,-1.027209962,-1.390655635
SAMP1795,Israel,31°59'51.51''N,34°48'59.79''E,7.5698484,-1.867881445,-1.112680055
SAMP18,Kenya,"0°15'42.98""N","34°55'40.31""E",-7.468291476,-1.147069742,-1.631783911
SAMP180,Zambia,11°12'33.67''S,28°53'33.10''E,-6.945203879,-1.65123476,-1.910961755
SAMP1800,USA,"42°43'50.91""N","84°28'37.09""W",7.697286151,1.728191669,-1.490611981
SAMP1801,USA,"42°43'50.91""N","84°28'37.09""W",8.336517004,2.037868575,-0.839175203
SAMP1802,USA,"42°43'50.91""N","84°28'37.09""W",8.743364903,2.357040312,-1.317794255
SAMP1803,USA,"42°43'50.91""N","84°28'37.09""W",7.680689242,2.391135683,-0.982209418
SAMP181,Zambia,11°12'33.67''S,28°53'33.10''E,-7.64852573,-0.761656693,-2.052828617
SAMP182,Zambia,11°12'33.67''S,28°53'33.10''E,-7.738281,-1.066930518,-1.46442751
SAMP183,Zambia,10°11'50.94''S,31°11'29.46''E,-8.171714652,-0.815446051,-1.760142918
SAMP1838,Argentina,"29°11'15.9""S","59°42'30.2""W",-5.518102115,0.646364798,1.457861886
SAMP1839,Argentina,"29°11'15.9""S","59°42'30.2""W",4.093516056,2.205352467,-1.33100567
SAMP184,Zambia,10°11'50.94''S,31°11'29.46''E,-7.690556878,-1.650546443,-2.186354129
SAMP1840,Argentina,"29°11'15.9""S","59°42'30.2""W",-4.653180974,-0.246877447,0.585348008
SAMP1841,Argentina,"29°11'15.9""S","59°42'30.2""W",-4.171549543,0.88301696,2.11013049
SAMP185,Zambia,10°11'50.94''S,31°11'29.46''E,-8.497014622,-1.675692067,-2.675328517
SAMP1850,Turkey,"40°47'12.4""N","30°24'26.7""E",6.557599918,-8.675491309,0.978461857
SAMP1852,Turkey,"41°37'25.2""N","27°30'35.2""E",6.677563236,-7.964567574,0.414507734
SAMP1853,Turkey,"41°37'25.2""N","27°30'35.2""E",8.690736368,-2.946751658,-3.150636237
SAMP1854,Turkey,"41°45'04.8""N","27°19'12.9""E",8.298219834,-3.957026648,-2.494161306
SAMP1855,Turkey,"41°45'04.8""N","27°19'12.9""E",8.791948569,-3.580336294,-3.401947742
SAMP1856,Turkey,"40°55'03.6""N","38°22'50.7""E",6.366097331,-9.425604781,1.005345928
SAMP1857,Turkey,"40°55'03.6""N","38°22'50.7""E",6.096919983,-9.490245772,1.483756577
SAMP1858,Turkey,"40°55'03.6""N","38°22'50.7""E",6.026765784,-9.225568908,1.129467343
SAMP1859,Turkey,"40°55'03.6""N","38°22'50.7""E",6.72988061,-8.283186652,1.321064596
SAMP186,Zambia,10°11'50.94''S,31°11'29.46''E,-8.241577692,-1.033396477,-2.234586627
SAMP1860,Turkey,"38°29'47.7""N","30°34'29.8""E",6.857889588,-9.248828199,0.924093555
SAMP1861,Turkey,"38°29'47.7""N","30°34'29.8""E",5.72962982,-8.123188364,0.724541177
SAMP1862,Turkey,"38°29'47.7""N","30°34'29.8""E",5.893704357,-8.547034182,1.605559634
SAMP1863,Turkey,"38°29'47.7""N","30°34'29.8""E",5.834794939,-9.303316753,1.08417382
SAMP1866,Turkey,"37°14'44.3""N","42°28'23.3""E",6.515627332,-8.268993933,0.994242411
SAMP1871,Turkey,"38°23'51.5""N","42°06'38.2""E",7.084102997,-6.723099143,0.491914208
SAMP1873,Turkey,"37°55'21.1""N","40°12'35.9""E",6.231596911,-8.288774565,0.443399069
SAMP1874,Turkey,"40°57'33.0""N","31°26'44.2""E",6.221832183,-8.53224684,0.786852249
SAMP1875,Turkey,"40°57'33.0""N","31°26'44.2""E",6.463160935,-7.625371557,0.55936942
SAMP1876,Turkey,"40°57'33.0""N","31°26'44.2""E",6.008521737,-8.625032862,1.300003339
SAMP1878,Turkey,"38°27'43.9""N","27°10'48.6""E",5.79029922,-8.909523799,1.334126817
SAMP1882,Turkey,"36°15'59.1""N","36°33'45.0""E",6.616942136,-8.330150126,0.9512994
SAMP1889,Turkey,"37°06'06.3""N","28°25'08.0""E",5.077222851,-8.769937344,1.382088086
SAMP1891,Turkey,"37°06'06.3""N","28°25'08.0""E",6.72255608,-9.465317038,1.101276074
SAMP1895,Turkey,"38°22'03.0""N","34°39'03.2""E",5.841704256,-9.116918816,1.272189484
SAMP1896,Turkey,"39°49'16.3""N","26°01'55.6""E",6.447108702,-8.496896723,0.593962985
SAMP1897,Turkey,"39°49'16.3""N","26°01'55.6""E",6.61255056,-8.280569289,0.354068259
SAMP1898,Turkey,"39°49'16.3""N","26°01'55.6""E",6.841450856,-7.964429698,0.511508714
SAMP1899,Turkey,"39°49'16.3""N","26°01'55.6""E",6.555337142,-8.151119409,0.722484794
SAMP19,Kenya,0.0°17.00'22.64''N,34.0°29.00'41.72''E,-7.902852737,-1.247822011,-1.18175985
SAMP1901,Turkey,"40°10'43.9""N","25°54'01.0""E",6.209897588,-7.451062133,0.287539642
SAMP1903,Turkey,"40°10'43.9""N","25°54'01.0""E",6.444410704,-7.714527628,0.496443013
SAMP1904,Turkey,"41°40'22.5""N","26°33'14.2""E",9.855598305,-1.912247896,-4.07128678
SAMP1906,Turkey,"41°40'22.5""N","26°33'14.2""E",5.826312254,-9.779625814,0.878985774
SAMP1907,Turkey,"41°40'22.5""N","26°33'14.2""E",7.168667078,-5.614439501,-1.582900753
SAMP1908,Turkey,"41°40'22.5""N","26°33'14.2""E",9.621195399,-2.029516543,-3.510336912
SAMP1909,Turkey,"41°40'22.5""N","26°33'14.2""E",8.95695464,-2.683272085,-2.762194256
SAMP1910,Turkey,"41°40'22.5""N","26°33'14.2""E",7.549316076,-5.761523778,-0.928821784
SAMP1911,Turkey,"37°43'24.5""N","44°02'24.6""E",5.131516021,-8.747863557,2.020750227
SAMP1912,Turkey,"37°43'24.5""N","44°02'24.6""E",6.81168342,-8.864979543,1.377757534
SAMP1913,Turkey,"40°47'12.4""N","30°24'26.7""E",6.263314781,-8.345022909,0.506929231
SAMP1915,Turkey,"37°14'44.3""N","42°28'23.3""E",6.534651248,-8.847187729,1.036619656
SAMP1917a,USA,"29°34'20.07""N","81°11'04.77""W",8.590701696,2.436028872,-0.28591129
SAMP1918a,USA,"29°34'20.07""N","81°11'04.77""W",7.294097728,2.099360979,-0.311897053
SAMP1919a,USA,"29°34'20.07""N","81°11'04.77""W",6.256014647,1.248746827,-0.750230371
SAMP1920a,USA,"29°34'20.07""N","81°11'04.77""W",7.009767286,2.046449635,-1.172799575
SAMP193,Zambia,10°32'36.24''S,31°09'01.97''E,-7.936610131,-0.694345291,-1.87108101
SAMP194,Zambia,10°32'36.24''S,31°09'01.97''E,-7.352454366,-1.844218888,-1.99246747
SAMP1945a,USA,"29°54'19.52""N","81°18'44.13""W",8.21173875,1.792520487,-0.115831924
SAMP1946a,USA,"29°54'19.52""N","81°18'44.13""W",6.561576876,1.903209078,-1.636142267
SAMP1947a,USA,"29°54'19.52""N","81°18'44.13""W",6.233953326,1.993629209,-1.398838162
SAMP195,Zambia,10°32'36.24''S,31°09'01.97''E,-7.96908277,-0.727904834,-1.715380188
SAMP1951a,USA,"29°52'34.14""N","81°19'20.04""W",6.149640548,1.883466266,-1.22690844
SAMP1952a,USA,"29°52'34.14""N","81°19'20.04""W",6.396022402,1.386884745,-1.017147014
SAMP196,Zambia,10°32'36.24''S,31°09'01.97''E,-7.693700167,-0.329448365,-1.624155035
SAMP1981a,USA,"30°21'24.01""N","81°37'30.20""W",7.618370965,1.914245525,-1.236474236
SAMP1982a,USA,"30°21'24.01""N","81°37'30.20""W",4.512985924,0.96194384,-1.405008554
SAMP1983a,USA,"30°21'24.01""N","81°37'30.20""W",6.855531253,0.630995091,-0.62979387
SAMP1984a,USA,"30°21'24.01""N","81°37'30.20""W",6.938583608,1.82807248,-1.708333217
SAMP1985a,USA,"30°21'24.01""N","81°37'30.20""W",4.718931936,0.882643703,-0.817364218
SAMP1986a,USA,"30°21'24.01""N","81°37'30.20""W",6.559042361,0.252175967,-1.714684122
SAMP1989a,USA,"29°34'20.38""N","81°11'06.31""W",7.846214431,1.930768287,-0.090133718
SAMP1990a,USA,"29°34'20.38""N","81°11'06.31""W",5.75504387,1.501519533,-0.435722455
SAMP1992a,USA,"29°34'20.38""N","81°11'06.31""W",6.772709937,1.431595531,-1.069478916
SAMP2,Kenya,0°09'09.22''N,34°51'20.48''E,-6.933841174,-1.061441921,-1.551657709
SAMP20,Kenya,"0°17'22.64""N","34°29'41.72""E",-7.787074328,-0.816261978,-1.485234704
SAMP2001a,USA,"29°34'20.07""N","81°11'04.77""W",6.731749947,2.019210494,-1.703696381
SAMP2003a,USA,"29°34'20.07""N","81°11'04.77""W",7.334264269,2.519581853,-0.625604051
SAMP2004a,USA,"29°34'20.07""N","81°11'04.77""W",6.444301811,3.155198296,-0.714144361
SAMP203,Zambia,13°32'34.47''S,29°42'57.95''E,-7.074689286,-1.145035832,-1.713214223
SAMP2033a,USA,"29°40'07.56""N","81°12'47.29""W",4.56547199,1.707663948,-0.688058977
SAMP204,Zambia,13°32'34.47''S,29°42'57.95''E,-7.564184054,-0.699941722,-2.380034801
SAMP205,Zambia,13°32'34.47''S,29°42'57.95''E,-7.496803156,-1.717970989,-2.04642303
SAMP2055a,USA,"29°39'18.79""N","81°13'32.67""W",7.179282206,0.648960054,-1.370465509
SAMP2056a,USA,"29°39'18.79""N","81°13'32.67""W",6.103645528,2.484535239,-0.032799438
SAMP2057a,USA,"29°39'18.79""N","81°13'32.67""W",7.769375439,1.631367843,-0.342598992
SAMP206,Zambia,13°32'34.47''S,29°42'57.95''E,-7.171453989,-1.452602566,-2.735288546
SAMP2086a,USA,"29°39'18.79""N","81°13'32.67""W",8.292307694,2.765727099,-0.941971019
SAMP2087a,USA,"29°39'18.79""N","81°13'32.67""W",5.660881166,0.434801181,-0.244519332
SAMP21,Kenya,0°17'22.64''N,34°29'41.72''E,-7.495949423,-0.826166061,-1.578121789
SAMP2118a,USA,"29°39'18.79""N","81°13'32.67""W",8.383536827,1.767347733,-1.904872155
SAMP2119a,USA,"29°39'18.79""N","81°13'32.67""W",7.380201853,1.816537824,-1.256149491
SAMP213,Zambia,15°45'44.49''S,28°58'08.18''E,-7.594961382,-1.609635324,-1.687063359
SAMP214,Zambia,15°45'44.49''S,28°58'08.18''E,-7.405322906,-1.91732781,-1.920667436
SAMP215,Zambia,15°45'44.49''S,28°58'08.18''E,-7.751965769,-0.847779317,-2.031937494
SAMP216,Zambia,15°45'44.49''S,28°58'08.18''E,-7.595844384,-0.899013951,-2.29499101
SAMP2164a,USA,"29°41'43.33""N","81°13'39.55""W",4.724571337,2.748318225,-0.372452318
SAMP2165a,USA,"29°41'43.33""N","81°13'39.55""W",5.480759551,2.038179615,-1.073467977
SAMP2166a,USA,"29°41'43.33""N","81°13'39.55""W",6.987937808,1.169546341,-1.518791986
SAMP2167a,USA,"29°41'43.33""N","81°13'39.55""W",7.938043595,2.235029392,-2.230763647
SAMP2178a,USA,"29°43'06.28""N","81°14'00.06""W",6.142269196,1.899775399,-1.240622504
SAMP2180a,USA,"29°43'06.28""N","81°14'00.06""W",6.35935054,0.401299635,-0.458220243
SAMP2185,USA,"29°43'06.28""N","81°14'00.06""W",5.582237755,-0.351399565,-0.470602303
SAMP22,Kenya,"0°17'22.64""N","34°29'41.72""E",-8.044142372,-1.365371755,-1.719399588
SAMP2208a,USA,"29°39'18.79""N","81°13'32.67""W",6.973800304,1.108766741,-1.89487106
SAMP2209a,USA,"29°39'18.79""N","81°13'32.67""W",6.202644195,1.735783494,-2.034456377
SAMP2210a,USA,"29°39'18.79""N","81°13'32.67""W",7.082403322,2.851498401,-0.82907652
SAMP2227a,USA,"29°43'06.28""N","81°14'00.06""W",6.74852392,1.332073028,-0.030673132
SAMP2228a,USA,"29°43'06.28""N","81°14'00.06""W",8.017768483,2.28698593,-0.14179512
SAMP223,Zambia,"15°22'13.14""S","28°17'47.63""E",-8.039011018,-1.141121848,-2.44707783
SAMP224,Zambia,15°22'13.14''S,28°17'47.63''E,-7.833281521,-1.292955156,-2.331794509
SAMP2244,Puerto Rico (USA),"18°24'05.0""N","66°03'09.1""W",1.969864529,3.013509151,0.455545335
SAMP2248,Puerto Rico (USA),"18°24'14.6""N","66°02'40.8""W",2.79091491,3.936745247,2.484908057
SAMP225,Zambia,15°22'13.14''S,28°17'47.63''E,-7.287502435,-1.235680001,-1.84055887
SAMP226,Zambia,15°22'13.14''S,28°17'47.63''E,-8.184566385,-1.500909272,-1.81777154
SAMP227,Zambia,"14°53'36.53""S","25°24'53.24""E",-8.066929715,-1.201442373,-2.074134095
SAMP228,Zambia,"15°22'13.14""S","28°17'47.63""E",-8.132339933,-0.941204924,-2.117610782
SAMP229,Zambia,"15°22'13.14""S","28°17'47.63""E",-8.373399393,-0.834854123,-2.128798809
SAMP2291,Puerto Rico (USA),"18°19'40.1""N","65°18'53.9""W",1.968698045,4.148032312,1.578987418
SAMP2293,Puerto Rico (USA),"18°27'17.9""N","65°58'27.4""W",1.537850454,3.045532487,2.034651686
SAMP23,Kenya,0°16'02.36''N,34°27'44.44''E,-7.588276309,-1.376299433,-1.308697651
SAMP230,Zambia,"14°53'36.53""S","25°24'53.24""E",-8.523419128,-0.682210571,-1.778405717
SAMP231,Zambia,"14°53'36.53""S","25°24'53.24""E",-7.913332061,-0.684020901,-1.726579955
SAMP2315,Puerto Rico (USA),18°11'4''N,67°9'19''W,1.13894548,3.078690515,2.459833097
SAMP233,Zambia,"14°53'33.63""S","25°24'51.67""E",-7.71188992,-0.957254362,-1.34444387
SAMP234,Zambia,"14°53'33.63""S","25°24'51.67""E",9.640165547,1.218434351,-2.725428585
SAMP235,Zambia,"14°53'33.63""S","25°24'51.67""E",11.67632133,3.653171292,-4.95149526
SAMP2354,Puerto Rico (USA),18°13'40''N,67°9'10''W,3.314651964,4.33816037,1.38852999
SAMP2357,Puerto Rico (USA),18°11'51''N,67°8'21''W,1.912557292,3.258136947,3.031348357
SAMP236,Zambia,"14°53'33.63""S","25°24'51.67""E",10.98715568,3.396355502,-4.504882583
SAMP237,Zambia,14.0°53.00'33.63''S,25.0°24.00'51.67''E,-7.24420645,-1.234831107,-1.383701427
SAMP239,Zambia,16.0°36.00'16.70''S,23.0°30.00'1.46''E,-8.034945132,-0.390697347,-2.000781986
SAMP24,Kenya,0.0°16.00'2.36''N,34.0°27.00'44.44''E,-7.500914002,-1.471822535,-1.007213058
SAMP2407,Puerto Rico (USA),"17°57'34.4""N","66°13'33.3""W",2.655821557,2.261692488,0.490736343
SAMP2408,Puerto Rico (USA),"17°57'34.4""N","66°13'33.3""W",3.491937832,3.833437405,1.721431972
SAMP2409,Puerto Rico (USA),"17°57'34.4""N","66°13'33.3""W",2.729135954,3.164712142,0.168653516
SAMP2410,Puerto Rico (USA),"17°57'34.4""N","66°13'33.3""W",2.400660947,3.923873365,1.66970019
SAMP2411,Puerto Rico (USA),"17°57'34.4""N","66°13'33.3""W",2.935696516,3.382752804,2.204703047
SAMP2412,Puerto Rico (USA),"17°57'34.4""N","66°13'33.3""W",4.25720792,1.930197796,1.283961777
SAMP2413,Puerto Rico (USA),"17°57'34.4""N","66°13'33.3""W",2.11943863,2.268507558,1.782067699
SAMP2416,Puerto Rico (USA),"18°28'24.0""N","66°31'26.4""W",2.850523131,2.571582918,1.326305334
SAMP2417,Puerto Rico (USA),"18°28'24.0""N","66°31'26.4""W",2.551429083,2.453794265,1.285916922
SAMP2423,Puerto Rico (USA),"18°20'12.7""N","65°59'28.1""W",2.025545046,3.767543218,2.581766499
SAMP2424,Puerto Rico (USA),"18°20'12.7""N","65°59'28.1""W",2.76369569,4.206352815,2.138265438
SAMP2425,Puerto Rico (USA),"18°20'12.7""N","65°59'28.1""W",2.740440406,3.569999826,0.406455884
SAMP2428,Puerto Rico (USA),18°21'40''N,67°8'30''W,3.994321643,3.642407049,1.338123255
SAMP243,Zambia,17°28'28.33''S,24°17'12.03''E,-7.835270335,-0.71862099,-1.787479385
SAMP2431,Puerto Rico (USA),"18°15'49.2""N","65°42'33.6""W",2.937088824,4.153434382,2.144337141
SAMP2433,Puerto Rico (USA),18°18'05.54''N,65°56'21.04''W,3.295048338,2.578407511,0.915730893
SAMP2435,Puerto Rico (USA),"18°20'51.9""N","65°38'40.9""W",2.07115667,3.340346082,2.429838971
SAMP2437,Puerto Rico (USA),18°21'00.87''N,65°46'00.87''W,2.927757656,2.86154521,1.32586136
SAMP2439,Puerto Rico (USA),18°23'19.89''N,65°52'00.13''W,1.603204549,4.047315626,1.846032395
SAMP244,Zambia,17°28'28.33''S,24°17'12.03''E,-8.001377793,-0.564326406,-1.610989388
SAMP2441,Puerto Rico (USA),18°25'13.30''N,65°50'30.53''W,1.831876038,3.433926758,1.368917061
SAMP2446,Puerto Rico (USA),"18°23'10.1""N","66°12'57.6""W",2.340516802,3.236741065,2.37271875
SAMP2448,Puerto Rico (USA),"18°23'10.1""N","66°12'57.6""W",3.347279365,2.822583274,2.027534428
SAMP2449,Puerto Rico (USA),"18°23'10.1""N","66°12'57.6""W",2.855062914,3.303245698,1.924893486
SAMP245,Zambia,17°28'28.33''S,24°17'12.03''E,-7.251945259,-1.549669795,-2.206671311
SAMP2450,Puerto Rico (USA),"18°23'10.1""N","66°12'57.6""W",3.359036802,2.405358761,2.167636953
SAMP2451,Puerto Rico (USA),"18°23'10.1""N","66°12'57.6""W",3.088489114,3.462207353,1.737937295
SAMP2453,Puerto Rico (USA),"18°18'03.9""N","67°11'00.2""W",2.10732901,2.936948911,2.112295442
SAMP2455,Puerto Rico (USA),18°18'03.9''N,67°11'00.2''W,4.071708793,3.162318643,3.236068657
SAMP2456,Puerto Rico (USA),18°18'03.9''N,67°11'00.2''W,3.072075825,3.339310279,2.431477407
SAMP2458,Puerto Rico (USA),17°58'43.3''N,66°22'33.1''W,2.705712202,2.569359226,0.53135602
SAMP2460,Puerto Rico (USA),17°58'43.3''N,66°22'33.1''W,3.260333934,2.475801167,3.184997794
SAMP2461,Puerto Rico (USA),17°58'43.3''N,66°22'33.1''W,1.789888992,2.899906242,1.934971424
SAMP2462,Puerto Rico (USA),"17°58'43.3""N","66°22'33.1""W",3.651890521,2.155423959,1.867179318
SAMP2463,Puerto Rico (USA),17°58'43.3''N,66°22'33.1''W,3.595919567,3.251263351,1.129190378
SAMP2464,Puerto Rico (USA),17°58'43.3''N,66°22'33.1''W,2.651821251,3.793101959,1.498980975
SAMP2466,Puerto Rico (USA),18°18'22.2''N,67°09'38.6''W,1.508246386,2.739112685,2.914330636
SAMP2468,Puerto Rico (USA),18°18'22.2''N,67°09'38.6''W,2.327904056,2.301733342,1.797322913
SAMP2469,Puerto Rico (USA),18°18'22.2''N,67°09'38.6''W,2.475811068,3.549013483,0.464860039
SAMP247,Zambia,17°28'28.33''S,24°17'12.03''E,-7.476800242,-0.742551328,-1.737789501
SAMP2470,Puerto Rico (USA),18°18'22.2''N,67°09'38.6''W,1.621437707,2.964423588,3.99991646
SAMP2471,Puerto Rico (USA),18°18'22.2''N,67°09'38.6''W,1.315926237,2.434096989,0.991057968
SAMP2473,Puerto Rico (USA),"18°13'38.7""N","66°12'07.7""W",1.706894286,3.793140924,2.829294169
SAMP2475,Puerto Rico (USA),"18°13'38.7""N","66°12'07.7""W",2.483135198,2.344675353,2.583385008
SAMP2476,Puerto Rico (USA),"18°13'38.7""N","66°12'07.7""W",2.821165648,3.341956947,1.371052536
SAMP2477,Puerto Rico (USA),"18°13'38.7""N","66°12'07.7""W",3.153282437,2.417073405,1.321306145
SAMP2480,Puerto Rico (USA),"18°02'56.4""N","66°37'22.8""W",1.855261071,3.855834764,0.106228575
SAMP2482,Puerto Rico (USA),"18°01'55.6""N","66°22'43.3""W",4.141990789,3.928289713,0.402632199
SAMP2484,Puerto Rico (USA),"18°00'17.0""N","66°15'41.3""W",1.861835574,3.075171477,2.177192155
SAMP2486,Puerto Rico (USA),"18°03'02.3""N","66°29'57.2""W",3.012009159,1.047029273,1.499728026
SAMP2487,Puerto Rico (USA),"18°01'09.6""N","66°37'26.0""W",1.780064219,2.960085771,-0.854090997
SAMP2488,Puerto Rico (USA),"18°06'37.8""N","66°09'57.2""W",3.673476787,3.117428163,1.679035266
SAMP2489,Puerto Rico (USA),"18°22'45.8""N","67°11'04.1""W",2.513968217,4.25879862,1.92770153
SAMP2490,Puerto Rico (USA),"18°19'48.7""N","66°17'46.7""W",2.850464988,2.164907431,2.052640585
SAMP2492,Puerto Rico (USA),"18°22'43.4""N","67°11'21.0""W",1.26562928,1.952305496,1.415380617
SAMP2494,Puerto Rico (USA),"18°22'55.2""N","67°11'20.6""W",2.090287646,4.834428215,1.523546196
SAMP2495,Puerto Rico (USA),"18°13'08.6""N","67°08'40.9""W",1.598626878,3.81528341,2.458846811
SAMP2496,Puerto Rico (USA),"17°59'19.3""N","66°05'12.8""W",2.477584713,2.365190412,1.437647099
SAMP2497,Puerto Rico (USA),"18°22'44.8""N","67°11'26.6""W",3.307338028,3.567319965,2.572041909
SAMP2499,Puerto Rico (USA),"18°22'45.8""N","67°11'04.1""W",2.866011477,2.578424312,2.233263454
SAMP25,Kenya,"0°16'02.36""N","34°27'44.44""E",-7.853491053,-0.865084014,-0.976601227
SAMP2500,Puerto Rico (USA),"18°28'42.9""N","66°57'00.3""W",2.852963942,4.261765601,2.319713937
SAMP2501,Puerto Rico (USA),"18°24'01.9""N","67°07'03.5""W",2.301290251,3.172086007,1.758752231
SAMP2502,Puerto Rico (USA),"18°17'34.9""N","66°18'24.2""W",1.785532844,3.007703422,1.655537429
SAMP2503,Puerto Rico (USA),"18°24'21.6""N","67°07'13.8""W",2.105980103,2.827533857,1.558227819
SAMP2505,Puerto Rico (USA),"18°01'07.0""N","66°47'09.3""W",1.724356371,2.755763753,2.279289513
SAMP2507,Puerto Rico (USA),"18°02'58.3""N","66°30'07.5""W",2.909190299,3.739300197,0.520642446
SAMP2508,Puerto Rico (USA),"18°00'07.8""N","66°06'32.8""W",2.566208927,4.325858308,0.676003708
SAMP2509,Puerto Rico (USA),"18°10'40.6""N","67°08'37.2""W",3.33520455,3.033701573,3.052526248
SAMP2511,Puerto Rico (USA),"18°01'06.4""N","66°37'09.4""W",5.173320358,3.93336484,1.440479046
SAMP2513,Puerto Rico (USA),"18°21'10.1""N","66°10'16.0""W",3.426531332,2.795803013,2.055485216
SAMP2517,Puerto Rico (USA),"18°03'30.3""N","66°30'39.4""W",3.644387064,2.685888793,0.835145175
SAMP2518,Puerto Rico (USA),n/a,n/a,3.415489243,3.135274327,1.688283082
SAMP2519,Puerto Rico (USA),n/a,n/a,1.975338816,2.550926508,1.881264911
SAMP2520,Puerto Rico (USA),n/a,n/a,2.293166135,1.651065205,1.722801342
SAMP2521,Puerto Rico (USA),n/a,n/a,2.673620431,2.501942021,4.693062582
SAMP2523,Puerto Rico (USA),n/a,n/a,2.098007152,2.476987931,2.480970392
SAMP2524,Puerto Rico (USA),"18°20'37.4""N","66°19'41.2""W",2.20986539,3.739766337,2.619413896
SAMP2526a,Rep. Georgia,"42°37'35.2""N","42°09'58.2""E",6.030953183,-9.882712329,1.600473598
SAMP2542a,Rep. Georgia,"42°37'35.2""N","42°09'58.2""E",5.468284941,-9.968256808,1.789309027
SAMP2543a,Rep. Georgia,"42°37'35.2""N","42°09'58.2""E",5.645234884,-9.898724595,1.843731722
SAMP255,Zambia,"16°53'08.97""S","26°43'15.52""E",9.19689636,2.383723285,-3.827128693
SAMP256,Zambia,"16°53'08.97""S","26°43'15.52""E",9.641631746,3.332361947,-3.437334327
SAMP2562a,Rep. Georgia,"42°36'04.3""N","42°09'12.8""E",5.49490652,-9.917650873,1.863429624
SAMP257,Zambia,"16°53'08.97""S","26°43'15.52""E",11.61998625,3.532788322,-4.473127934
SAMP2579a,Rep. Georgia,"42°36'04.3""N","42°09'12.8""E",5.806888755,-9.886826064,1.373401527
SAMP258,Zambia,"16°53'08.97""S","26°43'15.52""E",-8.387273437,-1.023753129,-1.306551122
SAMP2580a,Rep. Georgia,"42°36'04.3""N","42°09'12.8""E",5.899497967,-9.632715452,1.568003171
SAMP2591a,Rep. Georgia,42.0°27.00'56.00''N,42.0°9.00'51.60''E,5.72754304,-9.971959345,1.477908306
SAMP2592a,Rep. Georgia,"42°27'56.0""N","42°09'51.6""E",5.355432208,-10.15174302,1.562354195
SAMP26,Kenya,"0°16'02.36""N","34°27'44.44""E",-8.147717323,-0.205645872,-1.549754782
SAMP2607a,Rep. Georgia,"42°27'56.0""N","42°09'51.6""E",5.767670216,-9.901579641,1.497693597
SAMP2608a,Rep. Georgia,"42°27'56.0""N","42°09'51.6""E",5.183452096,-10.1145806,1.638243899
SAMP2624a,Rep. Georgia,"42°26'17.9""N","42°05'46.5""E",5.965859794,-10.03550182,1.575732116
SAMP2645a,Rep. Georgia,"42°26'17.9""N","42°05'46.5""E",5.328312501,-10.11942537,1.860295434
SAMP2646a,Rep. Georgia,"42°26'17.9""N","42°05'46.5""E",5.777091163,-9.898256398,1.527920808
SAMP265,Tunisia,"36°57'49.1""N","10°03'07.4""E",-4.384480374,-1.476575451,0.008692323
SAMP2655a,Rep. Georgia,"42°31'05.3""N","42°11'43.0""E",5.320026456,-10.00189936,1.749695176
SAMP2656a,Rep. Georgia,"42°31'05.3""N","42°11'43.0""E",5.667840431,-10.12650514,1.82684165
SAMP2657a,Rep. Georgia,"42°31'05.3""N","42°11'43.0""E",5.199613953,-10.25328452,1.844498644
SAMP266,Tunisia,"36°57'49.1""N","10°03'07.4""E",-4.180832986,-1.558758857,-0.172485527
SAMP2675a,Rep. Georgia,"42°28'58.1""N","42°03'03.9""E",5.61806177,-9.776161088,1.420970458
SAMP2676a,Rep. Georgia,"42°28'58.1""N","42°03'03.9""E",5.512393588,-10.02782039,1.538658349
SAMP2677a,Rep. Georgia,"42°28'58.1""N","42°03'03.9""E",5.250048554,-9.779527035,1.914776799
SAMP269,Tunisia,"36°37'36.4""N","9°58'00.7""E",-3.79679842,-1.628464049,0.166105512
SAMP2691a,Rep. Georgia,"42°33'59.4""N","42°08'48.4""E",5.810780701,-10.1162237,1.521272377
SAMP2692a,Rep. Georgia,"42°33'59.4""N","42°08'48.4""E",5.718719088,-10.03096978,1.253853586
SAMP2693a,Rep. Georgia,"42°33'59.4""N","42°08'48.4""E",5.6501906,-9.830091924,1.520972076
SAMP2694,Rep. Georgia,"42°33'59.4""N","42°08'48.4""E",5.697105233,-9.806475228,1.694866704
SAMP27,Kenya,3°32'51.81''N,39°25'40.04''E,-7.876434598,-1.292718243,-1.931505789
SAMP270,Tunisia,"36°37'36.4""N","9°58'00.7""E",-4.485953641,-1.009804132,-0.378566767
SAMP2704a,Rep. Georgia,"42°30'59.1""N","42°07'34.3""E",5.571195927,-10.39387305,1.665536811
SAMP2705a,Rep. Georgia,"42°30'59.1""N","42°07'34.3""E",5.75364592,-10.29424793,1.474122798
SAMP2706a,Rep. Georgia,"42°30'59.1""N","42°07'34.3""E",5.550651846,-10.08555445,1.786906211
SAMP271,Tunisia,"36°38'17.1""N","9°58'08.8""E",-4.657368511,-1.638503666,0.222531491
SAMP272,Tunisia,"36°38'17.1""N","9°58'08.8""E",-3.946912832,-1.792504833,-0.963021377
SAMP2720a,USA,"27°38'13.8""N","82°33'00.9""W",3.686609068,1.060497454,-1.250413922
SAMP2721a,USA,"27°38'13.8""N","82°33'00.9""W",6.097769739,1.742390484,0.226032584
SAMP2722a,USA,"27°38'13.8""N","82°33'00.9""W",4.84764403,1.325052674,-0.828051043
SAMP2723a,USA,"27°38'13.8""N","82°33'00.9""W",5.799423703,1.418651332,-1.134921176
SAMP2736a,USA,"27°38'26.2""N","82°33'19.0""W",4.160681242,1.863794384,1.491669462
SAMP2737a,USA,"27°38'26.2""N","82°33'19.0""W",5.268619349,1.356366006,-1.158043569
SAMP2738a,USA,"27°38'26.2""N","82°33'19.0""W",4.470920537,0.528316823,0.213039751
SAMP2739a,USA,"27°38'26.2""N","82°33'19.0""W",6.224680813,2.265848357,0.276262303
SAMP275,Tunisia,36°08'52.9''N,10°20'46.1''E,-4.003268155,-1.403035582,0.497517682
SAMP2755a,USA,"27°38'22.3""N","82°33'13.6""W",6.502910423,0.844385763,-1.047428924
SAMP2756a,USA,"27°38'22.3""N","82°33'13.6""W",9.368688175,3.685910922,-2.286620731
SAMP2757a,USA,"27°38'22.3""N","82°33'13.6""W",8.74310544,1.578986965,-1.102370876
SAMP2758a,USA,"27°38'22.3""N","82°33'13.6""W",9.097102292,2.117502629,-2.845580142
SAMP277,Tunisia,36°08'52.9''N,10°20'46.1''E,-3.469141437,-1.760318641,-0.625196621
SAMP2777a,USA,"27°38'19.2""N","82°33'34.6""W",4.090486374,1.651274589,-2.046148702
SAMP2778a,USA,"27°38'19.2""N","82°33'34.6""W",6.041357129,2.33180085,-0.65040808
SAMP2779a,USA,"27°38'19.2""N","82°33'34.6""W",6.032383956,2.492977044,-0.814734071
SAMP2780a,USA,"27°38'19.2""N","82°33'34.6""W",4.870956795,2.293407709,-1.650042037
SAMP279,Tunisia,36°43'47.0''N,9°11'15.4''E,-4.215180948,-1.35541343,-0.331835809
SAMP2799a,USA,"27°37'45.7""N","82°33'23.7""W",3.37676748,1.556628791,-1.298901554
SAMP28,Kenya,3.0°32.00'51.81''N,39.0°25.00'40.04''E,-7.776233353,-1.092321263,-1.339765256
SAMP2800a,USA,"27°37'45.7""N","82°33'23.7""W",4.187197164,1.945679102,1.199403666
SAMP2801a,USA,"27°37'45.7""N","82°33'23.7""W",2.773805983,1.913695476,-1.344523485
SAMP2802a,USA,"27°37'45.7""N","82°33'23.7""W",4.072982761,2.313528111,0.865964382
SAMP281,Tunisia,36°43'47.0''N,9°11'15.4''E,-4.619829557,-1.454514413,-0.688444041
SAMP2814a,USA,"27°37'42.9""N","82°33'31.1""W",6.204568941,0.149006987,-1.007233642
SAMP2815a,USA,"27°37'42.9""N","82°33'31.1""W",4.561566772,1.718194345,-0.197948683
SAMP2816a,USA,"27°37'42.9""N","82°33'31.1""W",5.12093348,1.226333486,-0.12396368
SAMP2817a,USA,"27°37'42.9""N","82°33'31.1""W",5.447293468,0.397221117,-0.794527936
SAMP283,Tunisia,36°38'55.4''N,10°35'29.8''E,-4.31460829,-1.989518273,-0.879887046
SAMP285,Tunisia,36°38'55.4''N,10°35'29.8''E,-3.988801036,-1.62710177,-0.231821529
SAMP2859a,USA,"27°55'44.9""N","82°26'39.7""W",5.534702846,1.798488049,-1.118973715
SAMP286,Tunisia,36°38'55.4''N,10°35'29.8''E,-3.949492765,-1.988375014,-0.656504564
SAMP2860a,USA,"27°55'44.9""N","82°26'39.7""W",5.578071589,1.875949421,-1.687224607
SAMP2865a,USA,"27°55'44.9""N","82°26'39.7""W",5.52942702,2.54918675,0.628916215
SAMP2866a,USA,"27°55'44.9""N","82°26'39.7""W",4.647997013,1.343329721,0.28617608
SAMP2879a,USA,"27°55'53.0""N","82°26'37.5""W",4.740401198,2.041051348,-0.475595016
SAMP288,Tunisia,35°50'52.2''N,9°35'30.8''E,-4.314373931,-2.068371108,-1.01593075
SAMP2880a,USA,"27°55'53.0""N","82°26'37.5""W",4.751023872,2.162709868,-0.30841263
SAMP2881a,USA,"27°55'53.0""N","82°26'37.5""W",4.75083619,2.585394762,-0.725427805
SAMP2882a,USA,"27°55'53.0""N","82°26'37.5""W",4.935241453,1.563899733,-0.132137188
SAMP29,Kenya,3°31'30.66''N,39°27'00.06''E,-7.709037316,-1.060039523,-1.993932523
SAMP2901a,USA,"27°54'32.3""N","82°25'55.6""W",4.444451503,1.669652018,0.757627251
SAMP2902a,USA,"27°54'32.3""N","82°25'55.6""W",4.672881322,2.803832281,-0.037803218
SAMP2903a,USA,"27°54'32.3""N","82°25'55.6""W",5.208456994,2.405617203,-0.696079664
SAMP2904a,USA,"27°54'32.3""N","82°25'55.6""W",5.162192405,1.945644087,-0.667308862
SAMP291,Tunisia,35°50'52.2''N,9°35'30.8''E,-4.075227992,-2.272341564,-0.763718874
SAMP2919a,USA,"27°55'48.7""N","82°26'04.4""W",4.616092385,1.698507892,-1.322060794
SAMP2920,USA,"27°55'48.7""N","82°26'04.4""W",3.823307514,1.36642218,-1.614403804
SAMP2923a,USA,"27°55'48.7""N","82°26'04.4""W",2.527323903,1.358568187,-1.781293874
SAMP2924a,USA,"27°55'48.7""N","82°26'04.4""W",3.997464374,1.362579804,-1.769673591
SAMP2944,Puerto Rico (USA),"18°11'25.6""N","65°57'39.1""W",2.956060501,3.172277231,3.101210386
SAMP2945,Puerto Rico (USA),"18°21'06.1""N","66°03'06.4""W",1.164374825,3.690037236,1.258512541
SAMP2946,Puerto Rico (USA),"18°24'59.5""N","66°04'59.4""W",2.336927763,2.709537763,2.239948176
SAMP2947,Puerto Rico (USA),"18°06'41.9""N","66°10'18.1""W",1.476886088,3.168952448,2.462399408
SAMP2948,Puerto Rico (USA),"18°23'28.5""N","66°03'40.3""W",4.509747849,2.481378737,1.666334279
SAMP2949,Puerto Rico (USA),"18°13'38.1""N","66°35'38.9""W",3.78001646,2.488409465,0.578269244
SAMP2950,Puerto Rico (USA),"18°13'38.1""N","66°35'38.9""W",2.330237141,3.137623155,2.228435487
SAMP2951,Puerto Rico (USA),"18°13'38.1""N","66°35'38.9""W",2.816947815,2.564882963,0.917801798
SAMP2952,Puerto Rico (USA),"18°13'38.1""N","66°35'38.9""W",2.941085697,2.956462339,1.763485493
SAMP2953,Puerto Rico (USA),"18°13'38.1""N","66°35'38.9""W",2.585821501,3.117379337,1.508110738
SAMP2954,Puerto Rico (USA),"18°13'38.1""N","66°35'38.9""W",3.536461938,1.709202265,1.713354086
SAMP2955,Puerto Rico (USA),"18°13'38.1""N","66°35'38.9""W",1.20278817,2.72203796,1.945822687
SAMP2956,Puerto Rico (USA),"18°07'09.4""N","67°04'53.1""W",1.882905407,2.767245938,0.836051964
SAMP2957,Puerto Rico (USA),"18°07'09.4""N","67°04'53.1""W",1.658694605,2.764916345,2.055880001
SAMP2959,Puerto Rico (USA),"18°07'09.4""N","67°04'53.1""W",3.175594907,1.653077508,1.203609184
SAMP296,Italy,36.0°44.00'15.50''N,14.0°53.00'11.90''E,7.113009653,3.971180881,-3.635075624
SAMP2960,Puerto Rico (USA),"18°07'09.4""N","67°04'53.1""W",2.276750434,3.083625894,0.304577578
SAMP2961,Puerto Rico (USA),"18°07'09.4""N","67°04'53.1""W",2.402658982,3.734874066,1.453406546
SAMP298,Italy,"36°44'15.5""N","14°53'11.9""E",8.207044646,3.998862949,-4.705432383
SAMP3,Kenya,0°15'42.98''N,34°55'40.31''E,-8.048149221,-0.462364189,-1.718038941
SAMP301,Italy,"36°44'01.9""N","14°49'39.2""E",7.885876133,2.866389364,-4.076974398
SAMP302,Italy,"36°44'01.9""N","14°49'39.2""E",8.035845068,3.202603794,-4.358589474
SAMP304,Italy,37°35'48.51''N,14°25'31.89''E,7.981115778,2.464935505,-4.173481725
SAMP306,Italy,37°35'48.51''N,14°25'31.89''E,8.893511889,2.93149407,-5.356486917
SAMP3093,Puerto Rico (USA),18.0°19.00'48.70''N,66.0°17.00'46.70''W,2.330331327,2.683042028,1.115401974
SAMP31,Kenya,3°15'39.40''N,38°12'20.73''E,-7.050306154,-0.797169341,-1.403602662
SAMP310,Italy,37°36'31.06''N,14°24'43.51''E,7.764738716,2.109292211,-4.063143036
SAMP312,Italy,"36°52'47.9""N","15°02'03.6""E",8.785947594,3.047759564,-5.180231578
SAMP313,Italy,"36°52'47.9""N","15°02'03.6""E",10.06221901,2.389716214,-5.222911981
SAMP3194,Puerto Rico (USA),18.0°20.00'37.40''N,66.0°19.00'41.20''W,2.453576053,2.646380952,1.429539888
SAMP324,Italy,"37°41'32.5""N","15°05'06.7""E",-8.547705327,-1.660689667,-1.92664301
SAMP3266a,USA,"30°19'07""N","83°58'13""W",8.344929501,2.177930062,-0.610845921
SAMP3267a,USA,"30°19'07""N","83°58'13""W",8.457854338,2.129210734,-0.061719205
SAMP3269a,USA,"30°19'07""N","83°58'13""W",8.44475343,2.620001331,-0.050656041
SAMP3272a,USA,"30°17'31""N","84°00'40""W",8.411523793,2.676674588,-0.720142314
SAMP3273a,USA,"30°17'31""N","84°00'40""W",7.896247953,2.913087808,0.116444011
SAMP3274a,USA,"30°17'31""N","84°00'40""W",7.499428375,2.14955156,-0.510381095
SAMP3276,Puerto Rico (USA),"18°22'42.4""N","66°04'10.0""W",1.418295437,2.928763191,1.609541101
SAMP3277,Puerto Rico (USA),"18°01'41.2""N","66°31'22.1""W",3.057794851,1.790460846,1.838868537
SAMP3278,Puerto Rico (USA),"18°00'34.1""N","66°22'57.5""W",1.98640855,1.977968452,1.545276668
SAMP3279,Puerto Rico (USA),"18°00'32.5""N","66°22'57.9""W",3.438924962,3.161535174,1.356792379
SAMP3280,Puerto Rico (USA),"18°06'25.6""N","66°10'24.8""W",3.182864125,4.170818465,1.504561204
SAMP3281,Puerto Rico (USA),"18°06'38.3""N","66°08'41.8""W",1.996258146,2.341181098,1.855446244
SAMP3282,Puerto Rico (USA),"18°08'19.7""N","66°06'48.0""W",3.930316772,3.422797105,0.064138522
SAMP3283,Puerto Rico (USA),"18°14'36.6""N","66°00'27.2""W",1.125886504,3.992845915,0.483165033
SAMP3284,Puerto Rico (USA),"18°23'00.6""N","66°03'36.3""W",3.827229933,3.527753249,1.308498874
SAMP3286,Puerto Rico (USA),18°28'53''N,67°8'56''W,2.124881152,3.5454448,1.596754468
SAMP3287,Puerto Rico (USA),18°26'35''N,67°8'30''W,3.671649688,2.723094845,2.224947059
SAMP3288,Puerto Rico (USA),18°27'15''N,67°9'14''W,2.661153304,2.743488261,1.449975815
SAMP3289,Puerto Rico (USA),18°28'12''N,67°7'24''W,3.500953833,2.951716273,1.452572483
SAMP3290,Puerto Rico (USA),18°11'57''N,67°7'55''W,3.173482155,1.639463329,2.348339392
SAMP3291,Puerto Rico (USA),18°11'56''N,67°5'60''W,4.182953422,3.717357046,2.615614221
SAMP3292,Puerto Rico (USA),18°11'13''N,67°4'45''W,4.005801003,3.328198223,2.114237875
SAMP3293,Puerto Rico (USA),18°25'52''N,67°9'19''W,1.938920511,2.2980648,2.319169355
SAMP3294,Puerto Rico (USA),18°11'13''N,67°3'22''W,2.663755348,3.021714408,2.29408688
SAMP3295,Puerto Rico (USA),18°10'55''N,67°2'29''W,2.240265965,2.864985755,2.065902243
SAMP3296,Puerto Rico (USA),"18°11'21.0""N","67°01'07.0""W",2.684749033,3.927098867,0.724536472
SAMP3297,Puerto Rico (USA),18°11'18''N,66°59'53''W,1.64811993,1.173530389,0.619916684
SAMP3298,Puerto Rico (USA),18°10'52''N,66°59'10''W,0.456951976,3.578442255,2.692581477
SAMP3299,Puerto Rico (USA),18°9'46''N,66°59'41''W,2.496623391,2.948310484,1.618375137
SAMP33,Kenya,3°14'04.14''N,39°33'44.92''E,-8.102329024,-0.962448643,-2.037457665
SAMP330,Italy,"37°35'49.3""N","15°10'13.4""E",-8.367833391,-0.011109705,-1.604879192
SAMP3301,Puerto Rico (USA),18°8'42''N,66°57'39''W,2.441948862,3.595628522,2.756356725
SAMP3302,Puerto Rico (USA),18°7'40''N,66°57'9''W,1.452809533,2.115573938,2.214430787
SAMP3303,Puerto Rico (USA),18°6'46''N,66°57'12''W,2.055383825,2.508827339,1.879360547
SAMP3304,Puerto Rico (USA),18°5'12''N,66°57'50''W,2.748997393,2.702630562,0.698064316
SAMP3305,Puerto Rico (USA),"18°04'55.0""N","66°58'55.7""W",3.938821807,4.527167377,1.431811123
SAMP3306,Puerto Rico (USA),18°10'3''N,67°10'50''W,2.069227483,2.476899715,1.176970636
SAMP3307,Puerto Rico (USA),18°8'31''N,67°10'38''W,3.086001041,3.185531984,1.789330924
SAMP3308,Puerto Rico (USA),"18°07'14.0""N","67°11'02.0""W",2.342080585,3.852587772,2.178284751
SAMP3309,Puerto Rico (USA),18°24'6''N,67°8'42''W,2.837310464,2.581753078,2.03844809
SAMP331,Italy,"37°35'49.3""N","15°10'13.4""E",-8.198341081,-0.745851723,-1.750480384
SAMP3310,Puerto Rico (USA),18°23'49''N,67°6'55''W,4.148295697,3.584383711,1.400568231
SAMP3311,Puerto Rico (USA),18°22'58''N,67°5'36''W,0.629788114,2.944978821,2.820252038
SAMP3312,Puerto Rico (USA),18°22'17''N,67°4'10''W,4.115144675,3.704382215,1.840764077
SAMP3313,Puerto Rico (USA),18°21'36''N,67°2'37''W,2.295896104,2.172881726,1.161771912
SAMP3314,Puerto Rico (USA),18°21'9''N,67°1'5''W,1.897147743,2.742984689,0.863213473
SAMP3315,Puerto Rico (USA),18°20'30''N,66°59'24''W,1.885865039,2.129769942,1.334022543
SAMP3316,Puerto Rico (USA),18°20'16''N,66°57'48''W,0.934657461,1.633059995,2.87942902
SAMP3317,Puerto Rico (USA),18°19'23''N,66°56'32''W,2.484894869,2.408575202,1.221428671
SAMP3318,Puerto Rico (USA),18°18'38''N,66°55'4''W,2.571912862,2.416494883,0.861777471
SAMP3319,Puerto Rico (USA),18°17'57''N,66°53'53''W,3.342059735,3.151383822,1.639860886
SAMP332,Italy,"37°37'05.6""N","15°08'20.9""E",-7.391747804,-0.52556773,-1.161684894
SAMP3320,Puerto Rico (USA),18°17'56''N,66°52'15''W,2.843288882,3.725024783,2.187123011
SAMP3321,Puerto Rico (USA),18°19'25''N,66°52'4''W,2.443165215,3.240455019,0.170858639
SAMP3322,Puerto Rico (USA),18°20'10''N,66°50'33''W,1.476594447,3.619782244,0.516754682
SAMP3323,Puerto Rico (USA),18°21'2''N,66°49'14''W,3.024581158,4.287839164,2.013040504
SAMP3324,Puerto Rico (USA),18°22'2''N,66°48'11''W,4.02242144,3.137628129,2.815299192
SAMP3325,Puerto Rico (USA),18°23'34''N,66°47'27''W,2.328232171,2.259269483,0.627249105
SAMP3326,Puerto Rico (USA),18°24'52''N,66°46'17''W,2.720329692,4.152694943,2.416733348
SAMP3327,Puerto Rico (USA),18°26'34''N,66°45'22''W,3.774438128,3.517862401,2.163905065
SAMP3328,Puerto Rico (USA),18°13'25''N,67°8'11''W,1.434436442,3.533763046,0.930014301
SAMP3329,Puerto Rico (USA),18°14'28''N,67°9'51''W,1.106018826,2.934183062,1.612740141
SAMP3330,Puerto Rico (USA),18°12'58''N,67°8'55''W,2.139783236,2.94745236,1.620304144
SAMP3331,Puerto Rico (USA),18°12'45''N,67°7'2''W,1.515836787,2.726143169,1.322939253
SAMP3332,Puerto Rico (USA),18°14'20''N,67°7'59''W,0.976312644,1.788743492,0.775019361
SAMP3333,Puerto Rico (USA),18°15'59''N,67°9'58''W,2.064193588,3.971668927,2.264436843
SAMP3334,Puerto Rico (USA),18°4'56''N,67°0'28''W,2.690584339,3.621512688,1.475982133
SAMP337,Italy,"37°05'15.9""N","14°58'36.1""E",9.486663113,1.440920716,-2.725885397
SAMP339,Italy,"37°05'15.9""N","14°58'36.1""E",8.195061955,2.339490186,-3.422592047
SAMP3399,Puerto Rico (USA),"18°05'04.8""N","66°39'16.3""W",1.521098877,3.787180032,0.879222701
SAMP34,Kenya,"3°31'30.66""N","39°27'00.06""E",-8.033596705,-0.526773011,-1.688724895
SAMP341,Malta,35°53'00.3''N,14°24'26.6''E,2.112018717,-0.182381957,-1.713246809
SAMP3452,Puerto Rico (USA),18°29'17''N,66°56'42''W,3.384629248,3.988298031,1.200215248
SAMP3453,Puerto Rico (USA),18°27'31''N,66°54'20''W,2.241739276,4.676526995,1.44155403
SAMP3454,Puerto Rico (USA),18°28'11''N,66°52'45''W,3.367745562,3.320342743,1.279398383
SAMP3455,Puerto Rico (USA),18°28'25''N,66°51'10''W,2.316953986,3.103502322,0.605541
SAMP3456,Puerto Rico (USA),18°11'4''N,67°9'19''W,4.222978425,2.909893892,1.438687247
SAMP3457,Puerto Rico (USA),18°2'38''N,66°57'58''W,3.10316323,3.682216054,2.068959423
SAMP3458,Puerto Rico (USA),"18°23'41.3""N","65°49'22.4""W",0.964089189,2.384187117,3.830499197
SAMP3459,Puerto Rico (USA),"18°22'57.4""N","65°57'59.9""W",4.031568223,4.186944797,2.605628605
SAMP346,Malta,35°53'00.3''N,14°24'26.6''E,2.064829636,0.109311229,-0.617090478
SAMP3460,Puerto Rico (USA),"18°22'22.0""N","65°55'52.5""W",1.945918344,3.294892994,1.192521256
SAMP3462,Puerto Rico (USA),"18°22'11.0""N","65°54'02.2""W",2.344395742,3.330429658,2.601993591
SAMP3463,Puerto Rico (USA),"18°22'35.8""N","65°52'03.1""W",2.179971336,2.688009808,0.781018515
SAMP3464,Puerto Rico (USA),"18°20'36.9""N","66°09'39.7""W",3.005331064,2.615973573,1.821158084
SAMP3466,USA,"27°08'27.5""N","80°11'54.6""W",3.0627927,1.47521041,-1.266223604
SAMP3468a,USA,"27°08'27.5""N","80°11'54.6""W",3.056119392,1.966642063,-0.855909679
SAMP3469a,USA,"27°08'27.5""N","80°11'54.6""W",3.093693077,1.962393409,-0.9299753
SAMP347,Malta,35°49'27.7''N,14°27'06.8''E,-0.409527589,0.066166079,-1.681489892
SAMP3477a,USA,"27°38'38.3""N","80°23'44.4""W",2.627733817,1.269488446,-0.527575922
SAMP3478a,USA,"27°38'38.3""N","80°23'44.4""W",3.871863894,1.893939894,-0.748532409
SAMP3479a,USA,"27°38'38.3""N","80°23'44.4""W",5.378817808,1.459433086,-1.879608089
SAMP348,Malta,35°49'27.7''N,14°27'06.8''E,-0.251337967,-0.084270611,-1.55622292
SAMP3483a,USA,"27°38'38.3""N","80°23'44.4""W",4.774744022,2.766570637,-0.044318392
SAMP3485a,USA,"28°39'43.8""N","81°12'23.4""W",5.309356784,1.930710925,0.998716688
SAMP349,Malta,35°49'27.7''N,14°27'06.8''E,-0.097539096,0.593190594,-1.527982649
SAMP35,Kenya,"3°31'30.66""N","39°27'00.06""E",-8.426935787,-1.183118849,-1.923798482
SAMP351,Malta,35°58'55.8''N,14°20'11.3''E,4.323968523,1.802472528,-1.610346381
SAMP352,Malta,35°58'55.8''N,14°20'11.3''E,2.378557214,0.589766721,-1.247187871
SAMP353,Malta,35°58'55.8''N,14°20'11.3''E,5.034469654,0.868461431,-2.390791122
SAMP354,Malta,35°58'55.8''N,14°20'11.3''E,4.798186959,0.472094845,-1.888201603
SAMP358,Malta,35°58'55.8''N,14°20'11.3''E,2.420250547,0.218532706,-2.495486505
SAMP36,Kenya,"3°31'30.66""N","39°27'00.06""E",-8.38342888,-0.974690159,-1.79125003
SAMP360,Italy,40°46'26''N,8°29'20''E,11.81545747,4.802597039,-5.60102626
SAMP363,Italy,40°46'26''N,8°29'20''E,12.19204365,4.926767127,-5.748757139
SAMP364,Italy,40°47'51''N,8°27'19''E,11.68298912,4.839519107,-5.35947421
SAMP366,Italy,40°47'51''N,8°27'19''E,10.96047922,4.638177789,-5.487732921
SAMP37,Kenya,3°15'39.51''N,38°12'20.80''E,-7.412430192,-0.400063941,-1.168712304
SAMP370,Italy,39°30'51''N,8°40'33''E,9.132893428,1.478052361,-2.67666931
SAMP373,Italy,39°29'07''N,8°39'30''E,12.16328959,4.93372223,-5.621869269
SAMP375,Italy,39°29'07''N,8°39'30''E,11.69277399,4.017066564,-5.589749973
SAMP376,Italy,39°44'59''N,8°39'04''E,11.87637031,4.684824588,-5.378850867
SAMP377,Italy,39°44'59''N,8°39'04''E,12.08491454,4.203553855,-4.903673628
SAMP381,Italy,40°35'13''N,8°32'49''E,11.5147568,4.763607767,-5.172852806
SAMP382,Italy,40°35'13''N,8°32'49''E,11.65471253,4.574675492,-5.366540405
SAMP385,Italy,40°13'16''N,8°47'28''E,-8.294796498,-0.846891061,-1.425593661
SAMP388,Italy,39°29'34''N,9°18'45''E,-7.097103895,-0.565626971,-2.061925492
SAMP389,Italy,39°29'34''N,9°18'45''E,10.99051341,2.301556557,-4.772490009
SAMP39,Kenya,3.0°15.00'39.51''N,38.0°12.00'20.80''E,-8.243763284,-0.616531203,-1.543316677
SAMP390,Italy,39.0°29.00'34.00''N,9.0°18.00'45.00''E,10.72527432,1.291654986,-4.408660636
SAMP392,Italy,39°59'11''N,8°36'43''E,11.46907057,3.573712098,-5.610645954
SAMP395,Italy,39°59'11''N,8°36'43''E,11.18430839,3.629181371,-5.32887836
SAMP398,Italy,39°31'59''N,8°37'7''E,11.61305708,4.814656423,-5.088962978
SAMP399,Italy,39°31'59''N,8°37'7''E,11.98541493,4.806675583,-5.24431737
SAMP4,Kenya,0°15'42.98''N,34°55'40.31''E,-7.327785543,-0.545844478,-2.062161876
SAMP406,Spain,38°25'47.2''N,5°00'26.9''W,0.600315217,3.445422388,10.65578824
SAMP407,Spain,38°25'47.2''N,5°00'26.9''W,0.549993975,3.105952332,10.01705887
SAMP41,Kenya,"3°15'39.40""N","38°12'20.73""E",-7.222505759,-1.022220985,-1.108443022
SAMP412,Spain,37°57'08.0''N,4°49'09.5''W,1.220952827,2.599736414,9.814039867
SAMP414,Spain,38°25'47.2''N,5°00'26.9''W,0.904839855,3.076240223,10.55737572
SAMP416,Italy,"38°07'04.5""N","13°18'13.5""E",5.54849652,3.355676937,-2.89835094
SAMP418,Italy,"38°07'04.5""N","13°18'13.5""E",5.490470883,1.603149366,-2.548573779
SAMP419,Italy,"38°03'07.0""N","13°13'58.3""E",4.917758984,2.202492571,-2.760108716
SAMP42,Kenya,"3°15'39.40""N","38°12'20.73""E",-7.818131663,-1.171215395,-0.637449334
SAMP421,Italy,"37°56'12.1""N","13°47'20.0""E",10.47576536,3.620840446,-5.072171423
SAMP422,Italy,"37°56'12.1""N","13°47'20.0""E",5.566656674,1.759467201,-3.87209311
SAMP423,Italy,"37°56'12.1""N","13°47'20.0""E",4.908752553,1.18878101,-4.03529072
SAMP428,Italy,"37°57'12.6""N","13°46'25.1""E",9.65854739,3.469661296,-4.308000787
SAMP429,Italy,"37°57'12.6""N","13°46'25.1""E",9.619846084,3.434257701,-5.145611227
SAMP431,Portugal,40.0°9.00'48.40''N,7.0°9.00'43.34''W,0.838460923,3.276367112,10.65676314
SAMP432,Portugal,"40°09'48.40""N","7°09'43.34""W",0.724687653,3.552728375,10.01739194
SAMP433,Portugal,"40°09'48.40""N","7°09'43.34""W",0.573370468,3.304576915,10.39753738
SAMP434,Portugal,"40°09'48.40""N","7°09'43.34""W",1.015042262,3.158758477,10.60474589
SAMP436,Portugal,"39°49'30.73""N","7°27'42.38""W",0.642805004,3.329998102,10.70116874
SAMP437,Portugal,"39°49'30.73""N","7°27'42.38""W",0.38012742,3.434905527,10.54960703
SAMP438,Portugal,"39°49'30.73""N","7°27'42.38""W",0.416933997,3.416164208,10.69556755
SAMP439,Portugal,39.0°49.00'30.73''N,7.0°27.00'42.38''E,1.050136547,3.35433775,10.65240362
SAMP442,South Africa,33°58'15''S,18°54'30''E,-7.468497825,-1.313200539,-1.604491728
SAMP446,South Africa,33°58'15''S,18°54'30''E,-7.463997039,-1.566923864,-1.966007639
SAMP45,Kenya,"3°32'51.81""N","39°25'40.04""E",-7.877645763,-0.77168965,-1.400448285
SAMP451,South Africa,33°58'15''S,18°54'30''E,-7.640849604,-1.701781274,-2.206733596
SAMP455,South Africa,33°58'15''S,18°54'30''E,-7.691438832,-1.064688788,-2.641284244
SAMP46,Kenya,"3°32'51.81""N","39°25'40.04""E",-8.009686443,-0.584215134,-1.290818902
SAMP47,Kenya,0°34'10.70''N,34°22'54.61''E,-7.727614515,-0.787779635,-2.079428876
SAMP48,Kenya,0.0°34.00'10.70''N,34.0°22.00'54.61''E,-7.700647804,-0.658426992,-1.65039888
SAMP49,Kenya,"0°34'10.70""N","34°22'54.61""E",-8.101523227,-1.068612393,-1.729678607
SAMP5,Kenya,"0°09'09.22""N","34°51'20.48""E",-6.895146428,-1.533257893,-1.915948728
SAMP50,Kenya,"0°34'10.70""N","34°22'54.61""E",-7.35737898,-0.879397892,-1.839440069
SAMP51,Kenya,0°07'47.31''N,37°20'04.46''E,-7.898097169,-0.394681713,-0.738066565
SAMP52,Kenya,"0°07'47.31""N","37°20'04.46""E",-7.093744128,-0.993777173,-1.652276447
SAMP53,Kenya,0°06'06.94''N,37°10'14.79''E,-7.140143374,-1.066108446,-0.628553517
SAMP538,South Africa,32°45'15''S,18°19'30''E,-7.774703775,-1.505956744,-2.124091777
SAMP54,Kenya,"0°06'06.94""N","37°10'14.79""E",-7.767342072,-0.688475311,-1.638350446
SAMP541,South Africa,32°45'15''S,18°19'30''E,-8.233765049,-0.788901841,-1.295305969
SAMP546,South Africa,32°45'15''S,18°19'30''E,-7.574412066,-1.108934629,-2.368404415
SAMP55,Kenya,0°02'33.59''N,37°16'39.17''E,-7.568465558,-1.023370614,-1.565927789
SAMP552,South Africa,32°45'15''S,18°19'30''E,-7.256118347,-1.284673296,-1.691463058
SAMP56,Kenya,"0°02'33.59""N","37°16'39.17""E",-8.048652704,-1.041485728,-1.480175307
SAMP567,South Africa,25°46'15''S,31°05'00''E,-8.363678798,-0.556834769,-1.647168262
SAMP57,Kenya,0°27'41.39''N,38°05'05.93''E,-8.932827542,-1.098351635,-1.962939924
SAMP572,South Africa,25°46'15''S,31°05'00''E,-7.738421159,-1.282622793,-2.101395619
SAMP576,South Africa,25°46'15''S,31°05'00''E,-7.708561721,-0.907496355,-2.170902684
SAMP577,South Africa,25°46'15''S,31°05'00''E,-8.08261662,-0.96499911,-2.374529451
SAMP58,Kenya,"0°27'41.39""N","38°05'05.93""E",-8.601016202,-0.473148215,-1.283239408
SAMP582,South Africa,26°48'00''S,25°12'30''E,-7.513910624,-1.064503925,-2.422963094
SAMP585,South Africa,26°48'00''S,25°12'30''E,-7.958406008,-0.947826968,-1.550947574
SAMP589,South Africa,26°48'00''S,25°12'30''E,-8.43677456,-1.297188854,-1.558710421
SAMP59,Kenya,0°00'01.86''N,37°19'45.37''E,-6.594311908,-1.612506242,-0.851682988
SAMP595,South Africa,26°48'00''S,25°12'30''E,-7.617030271,-0.972844016,-1.477249465
SAMP6,Kenya,"0°09'09.22""N","34°51'20.48""E",-6.915676166,-1.097094971,-1.076144835
SAMP60,Kenya,"0°00'01.86""N","37°19'45.37""E",-7.552546101,-0.73322839,-1.401926918
SAMP61,Kenya,0°00'32.05''N,37°20'55.25''E,-7.180243446,0.371894262,-1.574227322
SAMP618,South Africa,33°00'45''S,18°13'45''E,-7.375723361,-0.770425291,-1.840189686
SAMP62,Kenya,"0°00'32.05""N","37°20'55.25""E",-7.626805703,-0.056125752,-1.19895545
SAMP623,South Africa,33°00'45''S,18°13'45''E,-7.356031224,-0.137774354,-2.225193495
SAMP625,South Africa,33°00'45''S,18°13'45''E,-7.084343197,-1.602974582,-2.023957824
SAMP628,South Africa,33°00'45''S,18°13'45''E,-7.546189747,-1.411341549,-1.96936442
SAMP63,Kenya,"1°08'00.0""S","37°41'00.0""E",-7.980949511,-1.122798178,-1.814760997
SAMP64,Kenya,"1°08'00.0""S","37°41'00.0""E",-7.915260145,-0.564599697,-1.871567032
SAMP642,South Africa,34°25'30''S,"18°27'15""E",-7.958783259,-0.562742922,-1.813199424
SAMP643,South Africa,34°25'30''S,"18°27'15""E",-8.225350676,-1.523039054,-1.855779306
SAMP644,South Africa,34°25'30''S,"18°27'15""E",-7.918738171,-1.600794265,-1.88411362
SAMP645,South Africa,34°25'30''S,"18°27'15""E",-8.257608711,-1.499550107,-1.991060415
SAMP646,South Africa,34°25'30''S,"18°27'15""E",-7.984803702,-0.996963687,-2.293968671
SAMP647,South Africa,34°25'30''S,"18°27'15""E",-8.154489505,-1.141621918,-1.46576387
SAMP648,South Africa,34°25'30''S,"18°27'15""E",-7.654839611,-0.758125093,-2.066002632
SAMP649,South Africa,34°25'30''S,"18°27'15""E",-7.826417662,-0.719863715,-1.68991321
SAMP65,Seychelles,"4°44'17.2""S","55°29'38.2""E",0.667769046,1.901733305,-2.711829001
SAMP657,South Africa,33°52'45''S,18°26'00''E,-8.146277385,-1.382953971,-1.282013484
SAMP659,South Africa,33°52'45''S,18°26'00''E,-7.91706155,-1.704840123,-1.989732066
SAMP66,Seychelles,"4°44'17.2""S","55°29'38.2""E",-1.208021901,2.080808328,-2.876419325
SAMP661,South Africa,33°52'45''S,18°26'00''E,-7.194383954,-1.850026018,-2.042548189
SAMP663,South Africa,33°52'45''S,18°26'00''E,-7.885443128,-1.275978846,-2.170078731
SAMP67,Seychelles,"4°36'13.3""S","55°27'33.0""E",-2.143548263,1.683373572,-2.460502305
SAMP68,Seychelles,"4°36'13.3""S","55°27'33.0""E",-2.307597437,1.804164719,-2.9676177
SAMP680,South Africa,25°03'30''S,31°02'45''E,-7.681425734,-0.115433805,-1.01479549
SAMP685,South Africa,25°03'30''S,31°02'45''E,-7.859833257,-1.614836459,-1.529008223
SAMP69,Seychelles,"21°11'19.21""S","47°09'25.58""E",-1.502797773,1.81854521,-3.807799428
SAMP691,South Africa,25°03'30''S,31°02'45''E,-7.319411943,-0.327754512,-1.779474582
SAMP695,South Africa,25°03'30''S,31°02'45''E,-7.544986284,-1.17974539,-1.700159544
SAMP7,Kenya,0°15'27.88''N,34°45'03.98''E,-7.533769224,-1.879119298,-1.451864132
SAMP70,Seychelles,"4°43'02.2""S","55°31'11.6""E",-1.874910813,1.031971989,-3.576727482
SAMP700,South Africa,24°31'15''S,23°52'45''E,-7.921894899,-1.289214158,-2.20229572
SAMP702,South Africa,24°31'15''S,23°52'45''E,-7.244262656,-0.970250727,-1.95534255
SAMP705,South Africa,24°31'15''S,23°52'45''E,-8.164031952,-1.60952986,-2.252237723
SAMP709,South Africa,24°31'15''S,23°52'45''E,-7.964093084,-0.675419025,-1.867864571
SAMP72,Seychelles,"4°36'36.1""S","55°26'05.0""E",-1.62239282,0.721191965,-3.026042732
SAMP726,South Africa,"28°26'30""S","26°44'00""E",-7.82761204,-1.008584519,-2.354868307
SAMP727,South Africa,"28°26'30""S","26°44'00""E",-7.071971024,-0.981398786,-1.010748291
SAMP728,South Africa,"28°26'30""S","26°44'00""E",-7.816013307,-0.463467872,-1.656995294
SAMP729,South Africa,"28°26'30""S","26°44'00""E",-7.723903917,-1.784248067,-1.307627563
SAMP73,Seychelles,"4°37'01.7""S","55°25'14.4""E",-1.4550889,1.608003229,-3.180523818
SAMP730,South Africa,"28°26'30""S","26°44'00""E",-8.112253696,-0.697010151,-2.093125955
SAMP731,South Africa,"28°26'30""S","26°44'00""E",-7.974464837,-1.424835304,-1.941838458
SAMP732,South Africa,"28°26'30""S","26°44'00""E",-7.292489523,-0.473253568,-2.448769134
SAMP733,South Africa,"28°26'30""S","26°44'00""E",-7.299115265,-0.737005236,-1.618034028
SAMP74,Seychelles,"4°37'01.7""S","55°25'14.4""E",-2.154251618,0.839611556,-1.980072256
SAMP75,Seychelles,"4°19'39.2""S","55°43'00.3""E",-2.308075378,0.937156124,-1.92223325
SAMP757,South Africa,28°48'45''S,26°04'15''E,-7.028873391,-2.049291793,-1.821437972
SAMP759,South Africa,28°48'45''S,26°04'15''E,-8.019102473,-1.125345001,-1.518981804
SAMP76,Seychelles,"4°19'39.2""S","55°43'00.3""E",-1.841361127,0.812458303,-2.291976654
SAMP77,Seychelles,"4°19'16.3""S","55°45'01.6""E",-1.784979916,0.669770822,-1.828901859
SAMP776,South Africa,28°48'45''S,26°04'15''E,-7.784760074,-0.566890421,-1.497680274
SAMP78,Seychelles,"4°19'16.3""S","55°45'01.6""E",-2.801141439,1.210677171,-3.586293818
SAMP781,South Africa,28°48'45''S,26°04'15''E,-8.203700337,-0.99987585,-2.138225555
SAMP785,Mexico,"19°10'30.01""N","100°55'17.29""W",-2.538490312,2.503207422,2.11187035
SAMP786,Mexico,"19°10'30.01""N","100°55'17.29""W",-2.223936266,2.592561726,2.108695194
SAMP787,Mexico,"19°10'30.01""N","100°55'17.29""W",-2.508135576,1.652118989,-0.291257452
SAMP788,Mexico,19.0°10.00'30.01''N,99.0°4.00'42.71''W,-2.97582189,0.944038392,0.735747893
SAMP8,Kenya,0°15'27.88''N,34°45'03.98''E,-7.419623599,-1.357563098,-1.44677817
SAMP80,Seychelles,"4°26'24.1""S","55°13'32.8""E",-3.698775492,0.466081903,-2.374146529
SAMP81,Seychelles,"4°20'54.6""S","55°49'54.2""E",-2.973614928,0.854435779,-3.047132564
SAMP83,Seychelles,"4°20'59.2""S","55°49'55.6""E",-2.85939981,0.415236017,-3.338600787
SAMP835,Mexico,"19°12'59.28""N","100°56'5.00""W",-2.501004834,1.702745863,0.780842905
SAMP836,Mexico,"19°12'59.28""N","100°56'5.00""W",-1.280870468,0.971515726,0.674014105
SAMP837,Mexico,"19°12'59.28""N","100°56'5.00""W",-2.451365454,2.114813366,1.239891135
SAMP838,Mexico,"19°12'59.28""N","100°56'5.00""W",-0.943493844,1.019000457,1.266856216
SAMP839,Mexico,"19°12'59.28""N","100°56'5.00""W",0.052483049,0.111179111,0.38067295
SAMP840,Mexico,19.0°12.00'59.28''N,99.0°3.00'55.00''W,0.479538405,1.732844063,0.230859726
SAMP841,Mexico,19.0°12.00'59.28''N,99.0°3.00'55.00''W,-2.028527233,1.244161055,-0.292000211
SAMP842,Mexico,19.0°12.00'59.28''N,99.0°3.00'55.00''W,-2.127444328,1.439107857,1.279976298
SAMP85,Madagascar,21°11'19.21''S,47°09'25.58''E,-7.618458177,-0.672725399,-2.215201577
SAMP86,Madagascar,21°11'19.21''S,47°09'25.58''E,-7.746264088,-0.255626676,-2.057488519
SAMP87,Madagascar,21°15'32.61''S,47°10'01.74''E,-7.571056247,-0.835147512,-2.258740134
SAMP88,Madagascar,21°15'32.61''S,47°10'01.74''E,-7.373996392,-0.373316169,-1.853274765
SAMP885,Mexico,19.0°10.00'20.20''N,98.0°58.00'26.86''W,-3.186795433,0.254306237,1.461257517
SAMP887,Mexico,19°10’20.203”N,98°58’26.862”W,-2.450506468,1.224555427,0.211903475
SAMP889,Mexico,19°10’20.203”N,98°58’26.862”W,-1.319154396,1.582105105,3.271576239
SAMP89,Madagascar,21°15'16.95''S,47°09'25.58''E,-7.734303602,-0.68182452,-1.983480169
SAMP891,Mexico,19°10’20.203”N,98°58’26.862”W,-2.558936924,1.048644592,2.233490043
SAMP9,Kenya,0°16'42.80''N,34°29'14.34''E,-7.086712896,-1.199597813,-1.343564996
SAMP90,Madagascar,21°15'16.95''S,47°09'25.58''E,-7.874788124,-0.479430907,-2.223715806
SAMP91,Madagascar,21°10'46.70''S,47°10'40.48''E,-7.528314998,-0.647188206,-1.994304697
SAMP915,Mexico,19°14’43.327”N,98°58’29.328”W,0.423688643,1.233761636,-0.083039845
SAMP917,Mexico,19°14’43.327”N,98°58’29.328”W,-1.269108626,0.061730793,0.503439801
SAMP92,Madagascar,21°10'46.70''S,47°10'40.48''E,-7.499059947,-0.648126662,-2.160002043
SAMP920,Mexico,19°14’43.327”N,98°58’29.328”W,-1.63547892,0.219282977,-0.217163455
SAMP921,Mexico,19°14’43.327”N,98°58’29.328”W,-1.303278376,1.731985313,2.965534714
SAMP922,Mexico,19°14’43.327”N,98°58’29.328”W,-1.039245932,1.449796852,2.332899359
SAMP93,Madagascar,21°13'45.55''S,47°06'03.68''E,-7.325259004,-0.561420436,-1.719998
SAMP94,Madagascar,21°13'45.55''S,47°06'03.68''E,-6.908992253,-0.36058446,-1.848037011
SAMP97,Madagascar,21°11'51.40''S,47°09'59.49''E,-8.015319892,-0.872808457,-2.225931636
SAMP99,Madagascar,21°12'59.12''S,47°09'48.83''E,-8.229510775,-1.062408379,-2.221242178