SampleID,Country,Latitude,Longitude,pc1,pc2,pc3
SAMP1,Kenya,0.1525611111111111,34.85568888888889,-7.588055865,-1.06398527,-0.368557482
SAMP101,Madagascar,-21.272994444444443,43.04756111111111,-7.591137491,-0.948024774,-2.096071796
SAMP103,Madagascar,-21.195458333333335,47.15658055555556,-7.549526,-0.997013279,-1.227801645
SAMP105,Kenya,-1.221888888888889,36.89663888888889,-8.015620496,-0.734314416,-1.735211667
SAMP106,Kenya,-1.221888888888889,36.89663888888889,-7.567579745,-1.366936396,-2.168813182
SAMP107,Morocco,34.00636111111111,-6.722777777777778,-5.511177018,-0.588695197,0.714316766
SAMP108,Morocco,34.00636111111111,-6.722777777777778,-5.382160688,-0.521056813,1.183328563
SAMP1085,Mexico,20.106388888888887,-89.28555555555555,-3.666264686,1.284489254,0.235223746
SAMP1087,Mexico,20.106388888888887,-89.28555555555555,-3.875593827,0.087173977,-0.213858897
SAMP11,Kenya,8.15986388888889,34.15983333333333,-7.598402728,-0.399985807,-1.942259197
SAMP110,Morocco,34.00636111111111,-6.722777777777778,-5.769076966,-1.086974592,1.252482015
SAMP1105,Mexico,19.703611111111112,-103.45138888888889,-3.106643413,0.375890811,-0.318078507
SAMP1106,Mexico,19.703611111111112,-103.45138888888889,-1.108100134,1.011173498,-1.54356473
SAMP1109,Mexico,19.703611111111112,-103.45138888888889,0.870994064,1.492301108,-1.38900263
SAMP112,Morocco,31.460916666666666,-7.865222222222222,-5.559502089,-0.573774785,1.776511542
SAMP1135,Mexico,19.703611111111112,-103.45138888888889,0.549943664,0.255476993,-0.592398378
SAMP1136,Mexico,19.703611111111112,-103.45138888888889,-2.237888803,0.393503073,0.676272971
SAMP1139,Mexico,19.703611111111112,-103.45138888888889,-0.151915374,1.895367692,-1.097239212
SAMP114,Morocco,31.460916666666666,-7.865222222222222,-6.651456862,-0.472105357,1.203599587
SAMP1141,Mexico,19.703611111111112,-103.45138888888889,0.442706466,1.320467435,0.274866422
SAMP1147,Mexico,19.75,-104.01666666666667,-0.378980644,1.605557435,0.319895
SAMP1149,Mexico,19.75,-104.01666666666667,-1.030747284,0.874811849,2.090794641
SAMP1151,Mexico,19.75,-104.01666666666667,-3.407757172,0.680571717,0.726768355
SAMP1165,Mexico,19.766666666666666,-103.465,-5.140543224,0.727961622,0.881797652
SAMP1166,Mexico,19.766666666666666,-103.465,-4.860796961,0.86173011,0.996752462
SAMP1168,Mexico,19.766666666666666,-103.465,-3.338846118,1.202564993,1.698693182
SAMP1169,Mexico,19.766666666666666,-103.465,-3.633463343,0.459130727,0.548093287
SAMP117,Morocco,31.460916666666666,-7.865222222222222,-5.801055178,-1.323587663,1.540511611
SAMP1175,Mexico,19.575,-104.11666666666666,-4.507132173,-0.949149457,1.785915137
SAMP1177,Mexico,19.575,-104.11666666666666,-4.73685171,1.007468788,0.610270952
SAMP1179,Mexico,19.575,-104.11666666666666,-4.920030659,1.557597537,0.616125993
SAMP1181,Mexico,19.575,-104.11666666666666,-5.46058512,0.850034686,0.85942838
SAMP1188,Mexico,19.575,-104.11666666666666,-5.283589476,2.113878163,1.50419328
SAMP119,Morocco,31.460916666666666,-7.865222222222222,-7.085719666,-0.298534921,1.012098409
SAMP12,Kenya,8.15986388888889,34.15983333333333,-7.81928756,-0.895354358,-1.51570635
SAMP1203,Mexico,19.633333333333333,-104.36666666666666,-4.957320389,0.133509769,0.25621652
SAMP1204,Mexico,19.633333333333333,-104.36666666666666,-4.565005416,0.275730224,1.069775531
SAMP1205,Mexico,19.633333333333333,-104.36666666666666,-2.837559077,1.069907534,0.759125398
SAMP1207,Mexico,19.633333333333333,-104.36666666666666,-1.449414413,1.109214523,0.32578681
SAMP122,Morocco,34.805249999999994,-5.482694444444444,-5.555931459,-0.333477143,0.907839598
SAMP123,Morocco,34.805249999999994,-5.482694444444444,-5.704071316,-0.407378018,1.268195597
SAMP1256,Bolivia,-20.825027777777777,-64.94436111111112,-5.595688619,0.331459264,1.089134632
SAMP1257,Bolivia,-20.82536111111111,-64.94316666666667,-4.338938722,0.107703762,0.355454908
SAMP1258,Bolivia,-20.82536111111111,-64.94316666666667,-3.62115056,0.336721402,2.005732064
SAMP1264,Bolivia,-21.527055555555556,-64.17455555555556,-5.583645216,0.376964151,0.669203616
SAMP1265,Bolivia,-21.527055555555556,-64.17455555555556,-4.470828078,-0.343310101,1.62538435
SAMP1266,Bolivia,-21.527055555555556,-64.17455555555556,-4.658867312,-0.427726495,2.019719167
SAMP1270,Bolivia,-19.806083333333333,-63.99630555555556,-5.029629363,0.337351732,0.22836277
SAMP1271,Bolivia,-20.318166666666666,-64.18530555555556,-3.587503937,0.414201938,1.076942343
SAMP1272,Bolivia,-20.318166666666666,-64.18530555555556,-4.094007797,0.939343389,0.670473593
SAMP1273,Bolivia,-17.7165,-65.88347222222222,-5.708436425,1.517956987,2.660041493
SAMP1274,Bolivia,-17.7165,-65.88347222222222,-5.327243526,1.01807323,0.499952405
SAMP1275,Bolivia,-19.63125,-64.37147222222221,-5.1536102,0.394606141,0.985618148
SAMP1276,Bolivia,-19.63125,-64.37147222222221,-5.122268327,1.252297713,1.543936288
SAMP1277,Bolivia,-19.808805555555555,-63.97427777777778,-5.989806324,0.032860747,-0.098906346
SAMP1278,Bolivia,-19.808805555555555,-63.97427777777778,-5.417954847,0.930262595,2.358789859
SAMP1279,Bolivia,-19.15663888888889,-65.26763888888888,-3.729549017,1.207778114,1.876496997
SAMP1280,Bolivia,-19.15663888888889,-65.26763888888888,-4.621522685,0.43359973,0.512305289
SAMP1281,Bolivia,-19.808805555555555,-63.97427777777778,-5.321055313,0.522539236,0.556126081
SAMP1282,Bolivia,-19.808805555555555,-63.97427777777778,-5.287108986,0.805473479,1.136507143
SAMP1283,Bolivia,-15.583944444444445,-67.24758333333334,-5.889294596,0.67590457,1.455930662
SAMP1284,Bolivia,-15.583944444444445,-67.24758333333334,-6.076283798,0.053807378,-0.616075859
SAMP1285,Bolivia,-15.557777777777778,-67.33266666666667,-5.238621723,-0.389729588,2.082617639
SAMP1286,Bolivia,-15.557777777777778,-67.33266666666667,-7.030082632,-0.147787674,0.271473457
SAMP1287,Bolivia,-16.468166666666665,-68.17777777777778,-5.408069824,0.19141458,0.953092041
SAMP1288,Bolivia,-16.468166666666665,-68.17777777777778,-5.12511825,0.018507069,1.856284408
SAMP1289,Bolivia,-15.828833333333334,-67.56352777777778,-6.285106214,0.125498353,-0.563849282
SAMP1290,Bolivia,-15.828833333333334,-67.56352777777778,-5.614636135,0.660350485,1.155763703
SAMP1291,Bolivia,-16.47272222222222,-67.45308333333334,-4.934960499,0.601448589,0.743606081
SAMP1292,Bolivia,-16.47272222222222,-67.45308333333334,-5.536744376,0.727756894,-1.050097813
SAMP1293,Bolivia,-14.719805555555556,-68.41302777777778,-7.002886624,0.112000922,0.428937751
SAMP1294,Bolivia,-14.719805555555556,-68.41302777777778,-5.412335681,0.029930081,0.921451379
SAMP1295,Bolivia,-16.101055555555558,-68.05191666666667,-2.176741595,1.59186488,-0.013451619
SAMP1296,Bolivia,-16.101055555555558,-68.05191666666667,-1.76184107,1.349159393,-0.140185379
SAMP1298,Bolivia,-17.89263888888889,-63.33313888888889,-6.171496529,1.212510572,0.475242443
SAMP1299,Bolivia,-17.89263888888889,-63.33313888888889,-6.264179273,0.293798523,0.949195753
SAMP13,Kenya,0.2947194444444444,34.515280555555556,-7.75250904,-0.299534367,-1.466093418
SAMP1300,Bolivia,-17.89263888888889,-63.33313888888889,-5.17896473,1.092736168,1.520602469
SAMP1301,Bolivia,-17.401083333333332,-63.880916666666664,-5.862213715,-0.021199772,0.712872259
SAMP1303,Bolivia,-17.401083333333332,-63.880916666666664,-5.849417283,0.682553735,1.275998343
SAMP1304,Bolivia,-17.401083333333332,-63.880916666666664,-5.330991906,0.237002843,1.509817785
SAMP1306,Bolivia,-17.66675,-62.71830555555556,-5.719056784,0.027557605,1.399118352
SAMP1307,Bolivia,-17.66675,-62.71830555555556,-5.331794063,0.449948453,0.379143587
SAMP1308,Bolivia,-17.66675,-62.71830555555556,-5.823177548,-0.084254657,1.476927194
SAMP1310,Bolivia,-18.90063888888889,-63.395916666666665,-4.827224211,-0.38794724,1.238414776
SAMP1311,Bolivia,-18.90063888888889,-63.395916666666665,-5.948942136,0.216832815,1.373435296
SAMP1312,Bolivia,-18.90063888888889,-63.395916666666665,-4.440621114,0.048961492,0.105175331
SAMP1314,Bolivia,-17.394055555555553,-66.15733333333334,-7.164072511,0.67683184,1.640952602
SAMP1315,Bolivia,-17.394055555555553,-66.15733333333334,-6.418053084,1.165848589,1.384044063
SAMP1316,Bolivia,-17.394055555555553,-66.15733333333334,-7.432617177,0.431407491,1.76701542
SAMP1318,Bolivia,-16.971527777777776,-65.42186111111111,-3.759419424,0.78471491,0.212025574
SAMP1319,Bolivia,-16.971527777777776,-65.42186111111111,-2.87990275,1.212196868,1.578805205
SAMP1320,Bolivia,-16.971527777777776,-65.42186111111111,-3.199682883,1.227009532,0.55772368
SAMP1321,Bolivia,-17.939694444444445,-65.33752777777778,-4.807789313,-0.985354973,0.062854478
SAMP1322,Bolivia,-17.939694444444445,-65.33752777777778,-4.338395385,-0.368927022,0.323232692
SAMP1323,Bolivia,-17.94238888888889,-65.34825,-4.218443172,1.326986977,1.77767263
SAMP1324,Bolivia,-17.94238888888889,-65.34825,-4.571142221,1.08183397,0.72327656
SAMP1325,Bolivia,-17.944194444444445,-65.34097222222222,-5.432835559,0.034846569,0.869396917
SAMP1326,Bolivia,-17.944194444444445,-65.34097222222222,-4.697758727,-0.301523512,1.63960821
SAMP1327,Bolivia,-17.080472222222223,-66.81433333333334,-5.018680319,1.666058703,0.815193966
SAMP1328,Bolivia,-17.080472222222223,-66.81433333333334,-5.934002443,0.671358364,0.568275616
SAMP1330,Bolivia,-18.949555555555555,-65.00005555555556,-4.111842353,0.427000686,0.212608913
SAMP1331,Panama,9.303444444444445,-78.23663888888889,-5.472926829,0.536162313,1.813383644
SAMP1332,Panama,9.303444444444445,-78.23663888888889,-6.52774538,0.263644744,1.162618421
SAMP1333,Panama,9.303444444444445,-78.23663888888889,-5.807659768,0.049013656,0.679641133
SAMP1334,Panama,8.466305555555556,-77.94822222222223,-5.155596862,0.32782496,1.673432547
SAMP1335,Panama,8.466305555555556,-77.94822222222223,-6.195622239,-0.269102376,0.415738027
SAMP1337,Panama,8.466305555555556,-77.94822222222223,-5.254388251,-0.241096065,2.129991924
SAMP1338,Panama,8.472111111111111,-77.95286111111112,-5.433459502,-0.109504727,0.89569288
SAMP1340,Panama,8.472111111111111,-77.95286111111112,-5.152369446,-0.589697199,0.27496333
SAMP1345,Panama,8.466305555555556,-77.94822222222223,-6.476179262,-0.633751524,0.91953616
SAMP1347,Panama,8.472111111111111,-77.95286111111112,-5.627934951,0.536458118,0.472240375
SAMP1351,Panama,8.466305555555556,-77.94822222222223,-3.972884396,-1.023798006,0.257761936
SAMP1353,Panama,9.002722222222221,-79.77680555555555,-6.607755289,0.479014612,-0.090333707
SAMP1355,Panama,9.002444444444444,-79.79055555555556,-7.191053257,1.2882034,1.245216994
SAMP1356,Panama,9.002444444444444,-79.79055555555556,-6.684661419,0.404705577,1.790716062
SAMP1357,Panama,9.002722222222221,-79.77680555555555,-6.791539566,-0.160686735,0.025826043
SAMP1359,Panama,8.257027777777777,-80.54188888888889,-6.17000661,-0.441004799,0.776417185
SAMP1360,Panama,8.257027777777777,-80.54188888888889,-6.4886273,-0.194006976,-0.406331995
SAMP1361,Panama,8.257027777777777,-80.54188888888889,-5.927049723,0.228784689,0.044759816
SAMP1362,Panama,8.257027777777777,-80.54188888888889,-6.560570047,0.517760501,0.687134225
SAMP1363,Panama,8.079,-80.76186111111112,-6.034255575,1.229943735,1.703323367
SAMP1364,Panama,8.079,-80.76186111111112,-6.691820972,0.539274806,1.287626498
SAMP1366,Panama,8.079,-80.76186111111112,-6.032623591,0.847626764,0.169569408
SAMP1367,Panama,8.422749999999999,-81.05455555555555,-5.563208826,0.139438071,0.655098658
SAMP1368,Panama,8.422749999999999,-81.05455555555555,-5.768680659,-0.104097785,0.345853694
SAMP1369,Panama,8.422749999999999,-81.05455555555555,-6.389872348,-0.194502761,-0.312219042
SAMP1370,Panama,8.422749999999999,-81.05455555555555,-5.384772502,-0.02997282,0.016303745
SAMP1371,Panama,8.521194444444445,-82.19394444444445,-5.744517618,0.384399612,0.344666424
SAMP1374,Panama,8.521194444444445,-82.19394444444445,-7.241552891,-0.321110827,0.109228586
SAMP1377,Panama,8.543388888888888,-82.66883333333334,-6.553297963,-0.727262125,0.470138924
SAMP1379,Panama,8.608694444444444,-82.63305555555554,-6.5765527,0.296078012,0.050080033
SAMP138,Morocco,34.805249999999994,-5.482694444444444,-6.207520058,-0.391366634,1.631966612
SAMP1382,Panama,8.470222222222223,-82.77769444444445,-6.037841317,0.242066906,0.480131384
SAMP1383,Panama,8.470222222222223,-82.77769444444445,-5.770368291,-0.486384363,-0.768989263
SAMP1385,Panama,8.506916666666667,-82.78463888888889,-5.936910198,0.273651374,1.513149492
SAMP1386,Panama,8.506916666666667,-82.78463888888889,-5.684334907,0.397016501,0.849522051
SAMP1387,Panama,8.506916666666667,-82.78463888888889,-5.685295408,0.623567932,-1.251596837
SAMP1388,Panama,8.506916666666667,-82.78463888888889,-5.981523044,0.447963038,0.273520629
SAMP1389,Costa Rica,9.71833611111111,-84.057925,-3.151551902,1.44633851,0.695061264
SAMP139,Morocco,34.805249999999994,-5.482694444444444,-6.101117796,-0.132679917,1.512653148
SAMP1390,Costa Rica,9.71833611111111,-84.057925,-3.465998637,0.06460553,-0.656514223
SAMP1391,Costa Rica,9.937069444444445,-84.23271944444444,-5.299225019,0.938339476,0.273551285
SAMP1392,Costa Rica,9.937069444444445,-84.23271944444444,-5.587054139,0.555454215,0.734194379
SAMP1393,Costa Rica,9.857019444444443,-83.83918333333332,-5.262090662,0.272227937,1.260751489
SAMP1394,Costa Rica,9.857019444444443,-83.83918333333332,-5.980527693,0.121222439,-0.867007435
SAMP1395,Costa Rica,10.086169444444446,-84.47949166666668,-4.984968069,1.276037185,1.1127861
SAMP1396,Costa Rica,10.086169444444446,-84.47949166666668,-4.585604675,-0.397447204,0.893949564
SAMP1397,Costa Rica,10.29958888888889,-84.59535,-4.678059873,-0.390615912,-0.92999914
SAMP1398,Costa Rica,10.29958888888889,-84.59535,-4.815378108,-0.049630317,1.127373029
SAMP1399,Argentina,-26.800441666666668,-60.43123611111111,-4.188061931,0.104007762,1.659443046
SAMP14,Kenya,0.2947194444444444,34.515280555555556,-7.040160602,-1.075891921,-1.250759691
SAMP1400,Argentina,-26.800441666666668,-60.43123611111111,-4.2243966,0.359730522,0.677646083
SAMP1401,Argentina,-26.094969444444445,-58.516469444444446,-5.200900747,0.657641372,2.008526392
SAMP1402,Argentina,-26.094969444444445,-58.516469444444446,-5.891191631,-0.056600358,1.342961717
SAMP1403,Argentina,-31.153416666666665,-64.2987611111111,-3.019166513,1.002912716,1.063567745
SAMP1404,Argentina,-31.153416666666665,-64.2987611111111,-2.880309174,1.853121443,1.223996751
SAMP1405,Argentina,-30.749166666666667,-64.64841666666668,-2.663466351,1.484109042,0.197164706
SAMP1406,Argentina,-30.749166666666667,-64.64841666666668,-1.122825897,1.876260478,0.430512296
SAMP1407,Argentina,-30.75758611111111,-64.67166666666667,-1.82224036,1.095183452,1.372787267
SAMP1408,Argentina,-30.75758611111111,-64.67166666666667,-2.392933109,1.238413387,-0.742899873
SAMP1409,Argentina,-30.751694444444446,-64.66239722222222,-0.757595884,1.441017902,1.05607811
SAMP141,Morocco,34.805249999999994,-5.482694444444444,-6.427267179,0.041231728,1.56409418
SAMP1411,Argentina,-41.133472222222224,-71.31027777777777,9.633864739,2.16641518,-2.912542138
SAMP1412,Argentina,-41.133472222222224,-71.31027777777777,9.011460884,1.491789153,-3.376637235
SAMP1413,Argentina,-26.409280555555554,-54.67041388888889,-6.683066126,0.899725223,1.291065711
SAMP1419,Argentina,-24.089399999999998,-65.28595555555556,-4.462024678,1.592222254,2.359911468
SAMP142,Morocco,34.805249999999994,-5.482694444444444,-5.893210816,0.724238306,1.374552009
SAMP1421,Argentina,-37.86832777777778,-58.29736944444444,7.706062536,3.515036526,-2.32313614
SAMP1422,Argentina,-37.86832777777778,-58.29736944444444,6.521180647,3.713552906,0.798286787
SAMP1423,Argentina,-27.730452777777778,-64.24344722222223,-6.894269688,1.030703869,0.164771327
SAMP1424,Argentina,-27.730452777777778,-64.24344722222223,-6.155390507,0.508582442,1.723172559
SAMP1426,Argentina,-27.820569444444445,-64.17490000000001,1.962608477,1.499396605,-0.317425923
SAMP1427,Argentina,-27.783783333333336,-64.24850833333333,1.445431218,1.115754941,1.146142084
SAMP1428,Argentina,-27.783783333333336,-64.24850833333333,-4.269424377,-0.244916528,1.358141561
SAMP143,Morocco,34.805249999999994,-5.482694444444444,-7.017118416,-0.087400594,0.835779719
SAMP1431,Argentina,-28.875197222222223,-67.55446666666667,2.813208264,-0.11397766,0.663754127
SAMP1432,Argentina,-28.875197222222223,-67.55446666666667,-3.285282395,0.512059924,1.203265553
SAMP1433,Argentina,-27.424886111111114,-65.99093611111111,-5.372772147,-0.059035073,-0.154466012
SAMP1434,Argentina,-27.424886111111114,-65.99093611111111,-4.555207776,0.246432747,0.471957341
SAMP1435,Argentina,-33.62810833333334,-69.03043888888888,8.498965742,2.567790012,-0.047628976
SAMP1436,Argentina,-33.62810833333334,-69.03043888888888,6.360865723,1.866431693,-1.615217761
SAMP1437,Argentina,-26.83918611111111,-65.28271388888889,-4.054784725,1.417473943,1.625113068
SAMP1438,Argentina,-26.83918611111111,-65.28271388888889,-3.719828959,0.37875339,0.174919683
SAMP1439,Argentina,-26.786483333333337,-65.3236861111111,-4.318328528,0.869696616,2.744938151
SAMP144,Morocco,34.805249999999994,-5.482694444444444,-5.997902056,-0.089641003,2.288520409
SAMP1440,Argentina,-26.786483333333337,-65.3236861111111,-4.89753296,0.244512956,1.917193148
SAMP1441,Argentina,-34.56796388888889,-59.217705555555554,5.844609631,3.171375103,0.227664686
SAMP1442,Argentina,-34.56796388888889,-59.217705555555554,5.971549647,2.55269697,1.544933106
SAMP1444,Argentina,-34.615991666666666,-58.65638611111111,4.729394347,3.369501918,1.739037235
SAMP1445,Argentina,-26.647938888888888,-65.13211388888888,-1.849682131,1.248982226,1.690986082
SAMP1446,Argentina,-26.647938888888888,-65.13211388888888,4.599361407,2.755351024,1.43957723
SAMP1447,Argentina,-27.59778888888889,-65.62910555555555,8.37851793,2.661671666,-0.807147808
SAMP1449,Argentina,-27.300002777777777,-65.11871111111111,-4.774562945,0.598457563,0.508165512
SAMP1450,Argentina,-27.300002777777777,-65.11871111111111,-4.632503412,0.711761346,1.022449908
SAMP1451,Argentina,-27.300002777777777,-65.11871111111111,-4.331390583,0.559301384,0.789231074
SAMP1452,Argentina,-34.44296111111111,-59.44723888888888,7.052686399,3.326428048,-0.721548094
SAMP1453,Argentina,-34.44296111111111,-59.44723888888888,7.181415738,3.266827865,-0.867988533
SAMP146,Morocco,34.00636111111111,-6.722777777777778,-6.71143121,0.117569275,1.167547505
SAMP1478,Turkey,36.769999999999996,29.21,6.12529024,-9.06782027,0.948577505
SAMP1480,Turkey,36.769999999999996,29.21,5.405217523,-9.077420968,1.421166861
SAMP1492,Turkey,35.99,36.15,6.558546647,-7.933807723,0.643095022
SAMP1494,Turkey,35.99,36.15,6.628764951,-7.907822994,1.383252629
SAMP15,Kenya,0.25774444444444444,34.751105555555554,-8.190572098,-0.705741503,-1.605892572
SAMP1502,Turkey,41.62,27.360000000000003,8.450024601,-3.409992726,-3.822129119
SAMP1504,Turkey,41.919999999999995,27.44,9.511770946,-3.744214309,-2.365032656
SAMP1508,Turkey,40.8,27.360000000000003,7.803369405,-5.224509847,-1.458367208
SAMP1509,Turkey,40.669999999999995,27.22,6.914390371,-7.142124093,-1.12864653
SAMP151,Morocco,34.00636111111111,-6.722777777777778,-6.375874704,-0.038424167,1.199076975
SAMP1510,Turkey,40.8,27.360000000000003,7.244604882,-5.728229778,-2.005839308
SAMP1522,Turkey,40.12,30.1,5.798086183,-9.037549248,1.067701998
SAMP1523,Turkey,39.38,29.58,5.854538599,-9.461270551,1.056066516
SAMP1525,Turkey,39.64,31.07,6.139615884,-8.921070729,1.120659034
SAMP1526,Turkey,39.64,31.07,5.959769013,-8.224743391,0.429012114
SAMP1528,Turkey,40.63,26.55,5.641984851,-8.794399129,0.849113392
SAMP1529,Turkey,40.63,31.7,6.037266486,-9.068648263,1.330688358
SAMP1530,Turkey,41.28,31.82,5.669632412,-8.78678362,1.087286704
SAMP1531,Turkey,40.63,31.7,6.354637424,-8.600070368,1.335126813
SAMP154,Morocco,34.00636111111111,-6.722777777777778,-6.205605899,-0.648774593,0.868121714
SAMP1550,Turkey,41.25,42.35,5.880646632,-9.632879292,1.653844391
SAMP1551,Turkey,41.95,27.16,8.334507058,-4.765360534,-2.997956872
SAMP157,Morocco,34.00636111111111,-6.722777777777778,-6.313924576,-0.70101714,0.833915708
SAMP158,Morocco,34.00636111111111,-6.722777777777778,-6.330936519,-0.412342458,0.891355008
SAMP159,Morocco,34.00636111111111,-6.722777777777778,-5.935846399,-0.909426812,1.952801338
SAMP16,Kenya,0.25774444444444444,34.751105555555554,-7.920630047,-1.222794972,-1.550925449
SAMP1620,Turkey,41.169999999999995,41.8,5.707589264,-9.895542276,1.809794198
SAMP1639,Turkey,40.96,31.45,6.451862042,-8.331465226,0.949388893
SAMP164,Morocco,31.460916666666666,-7.865222222222222,-5.426131066,-0.68942974,1.451394067
SAMP1640,Turkey,40.96,31.45,6.092783548,-8.619101386,1.760543088
SAMP1653,Turkey,41.230000000000004,42.86,5.858154495,-9.60175758,1.135008275
SAMP1654,Turkey,41.230000000000004,42.86,5.920293851,-9.727326192,1.81529021
SAMP1656,Turkey,41.24,42.79,5.769185537,-9.62427523,1.382851705
SAMP17,Kenya,0.2619388888888889,34.927863888888886,-8.086895238,-0.259207652,-1.952325017
SAMP171,Morocco,31.460916666666666,-7.865222222222222,-6.043585275,-0.857841477,1.602536361
SAMP172,Morocco,31.460916666666666,-7.865222222222222,-6.191679255,-0.526013699,0.964538307
SAMP173,Morocco,31.460916666666666,-7.865222222222222,-6.619904172,-0.544398596,0.786816895
SAMP1754,Israel,31.964025,34.84227777777778,7.354033537,-0.878215563,-1.609993075
SAMP1755,Israel,31.964025,34.84227777777778,6.978693649,0.300748792,-1.371517978
SAMP1758,Israel,31.964025,34.84227777777778,7.507568119,-1.500503644,-1.523247502
SAMP1759,Israel,31.964025,34.84227777777778,6.384206104,-1.539218841,-0.733527561
SAMP1762,Israel,31.964025,34.84227777777778,7.801034858,-1.804533996,0.696675641
SAMP1763,Israel,31.964025,34.84227777777778,7.558720539,-2.270634051,-0.5126647
SAMP1766,Israel,31.964025,34.84227777777778,7.136469669,0.271462734,0.506635998
SAMP1767,Israel,31.964025,34.84227777777778,8.049517095,0.610658531,-0.497955105
SAMP1776,Israel,31.824372222222223,35.10491944444445,6.777351563,-0.398222149,-1.135098262
SAMP1777,Israel,31.824372222222223,35.10491944444445,7.752832265,-1.10725178,-1.236435026
SAMP1782,Israel,32.276041666666664,34.87917222222222,8.311450388,-0.555407906,-1.841001579
SAMP1783,Israel,32.276041666666664,34.87917222222222,8.244785172,-1.987370685,-2.792091555
SAMP1786,Israel,32.276041666666664,34.87917222222222,8.1409529,-0.478339544,0.342469912
SAMP1787,Israel,32.276041666666664,34.87917222222222,8.209275044,-0.680117446,0.169436268
SAMP179,Zambia,-11.209352777777777,28.892527777777776,-6.920178487,-1.495544085,-1.532898153
SAMP1790,Israel,31.97966111111111,34.77541111111111,7.054173574,-0.819337388,-2.140376277
SAMP1791,Israel,31.97966111111111,34.77541111111111,7.570590975,-0.052112485,-0.208554035
SAMP1792,Israel,31.997641666666667,34.81660833333333,7.780532803,-0.676319328,-2.168521842
SAMP1793,Israel,31.997641666666667,34.81660833333333,7.733062337,0.378273726,-1.612262718
SAMP1794,Israel,31.997641666666667,34.81660833333333,8.540006419,-1.027209962,-1.390655635
SAMP1795,Israel,31.997641666666667,34.81660833333333,7.5698484,-1.867881445,-1.112680055
SAMP18,Kenya,0.2619388888888889,34.927863888888886,-7.468291476,-1.147069742,-1.631783911
SAMP180,Zambia,-11.209352777777777,28.892527777777776,-6.945203879,-1.65123476,-1.910961755
SAMP1800,USA,42.730808333333336,-84.47696944444445,7.697286151,1.728191669,-1.490611981
SAMP1801,USA,42.730808333333336,-84.47696944444445,8.336517004,2.037868575,-0.839175203
SAMP1802,USA,42.730808333333336,-84.47696944444445,8.743364903,2.357040312,-1.317794255
SAMP1803,USA,42.730808333333336,-84.47696944444445,7.680689242,2.391135683,-0.982209418
SAMP181,Zambia,-11.209352777777777,28.892527777777776,-7.64852573,-0.761656693,-2.052828617
SAMP182,Zambia,-11.209352777777777,28.892527777777776,-7.738281,-1.066930518,-1.46442751
SAMP183,Zambia,-10.197483333333334,31.19151666666667,-8.171714652,-0.815446051,-1.760142918
SAMP1838,Argentina,-29.18775,-59.70838888888889,-5.518102115,0.646364798,1.457861886
SAMP1839,Argentina,-29.18775,-59.70838888888889,4.093516056,2.205352467,-1.33100567
SAMP184,Zambia,-10.197483333333334,31.19151666666667,-7.690556878,-1.650546443,-2.186354129
SAMP1840,Argentina,-29.18775,-59.70838888888889,-4.653180974,-0.246877447,0.585348008
SAMP1841,Argentina,-29.18775,-59.70838888888889,-4.171549543,0.88301696,2.11013049
SAMP185,Zambia,-10.197483333333334,31.19151666666667,-8.497014622,-1.675692067,-2.675328517
SAMP1850,Turkey,40.78677777777778,30.407416666666666,6.557599918,-8.675491309,0.978461857
SAMP1852,Turkey,41.623666666666665,27.509777777777778,6.677563236,-7.964567574,0.414507734
SAMP1853,Turkey,41.623666666666665,27.509777777777778,8.690736368,-2.946751658,-3.150636237
SAMP1854,Turkey,41.751333333333335,27.32025,8.298219834,-3.957026648,-2.494161306
SAMP1855,Turkey,41.751333333333335,27.32025,8.791948569,-3.580336294,-3.401947742
SAMP1856,Turkey,40.91766666666666,38.38075,6.366097331,-9.425604781,1.005345928
SAMP1857,Turkey,40.91766666666666,38.38075,6.096919983,-9.490245772,1.483756577
SAMP1858,Turkey,40.91766666666666,38.38075,6.026765784,-9.225568908,1.129467343
SAMP1859,Turkey,40.91766666666666,38.38075,6.72988061,-8.283186652,1.321064596
SAMP186,Zambia,-10.197483333333334,31.19151666666667,-8.241577692,-1.033396477,-2.234586627
SAMP1860,Turkey,38.496583333333334,30.574944444444444,6.857889588,-9.248828199,0.924093555
SAMP1861,Turkey,38.496583333333334,30.574944444444444,5.72962982,-8.123188364,0.724541177
SAMP1862,Turkey,38.496583333333334,30.574944444444444,5.893704357,-8.547034182,1.605559634
SAMP1863,Turkey,38.496583333333334,30.574944444444444,5.834794939,-9.303316753,1.08417382
SAMP1866,Turkey,37.24563888888889,42.47313888888889,6.515627332,-8.268993933,0.994242411
SAMP1871,Turkey,38.397638888888885,42.11061111111111,7.084102997,-6.723099143,0.491914208
SAMP1873,Turkey,37.92252777777777,40.20997222222223,6.231596911,-8.288774565,0.443399069
SAMP1874,Turkey,40.95916666666667,31.445611111111113,6.221832183,-8.53224684,0.786852249
SAMP1875,Turkey,40.95916666666667,31.445611111111113,6.463160935,-7.625371557,0.55936942
SAMP1876,Turkey,40.95916666666667,31.445611111111113,6.008521737,-8.625032862,1.300003339
SAMP1878,Turkey,38.46219444444445,27.18016666666667,5.79029922,-8.909523799,1.334126817
SAMP1882,Turkey,36.266416666666665,36.5625,6.616942136,-8.330150126,0.9512994
SAMP1889,Turkey,37.10175,28.41888888888889,5.077222851,-8.769937344,1.382088086
SAMP1891,Turkey,37.10175,28.41888888888889,6.72255608,-9.465317038,1.101276074
SAMP1895,Turkey,38.3675,34.650888888888886,5.841704256,-9.116918816,1.272189484
SAMP1896,Turkey,39.82119444444445,26.03211111111111,6.447108702,-8.496896723,0.593962985
SAMP1897,Turkey,39.82119444444445,26.03211111111111,6.61255056,-8.280569289,0.354068259
SAMP1898,Turkey,39.82119444444445,26.03211111111111,6.841450856,-7.964429698,0.511508714
SAMP1899,Turkey,39.82119444444445,26.03211111111111,6.555337142,-8.151119409,0.722484794
SAMP19,Kenya,0.2896222222222222,34.49492222222222,-7.902852737,-1.247822011,-1.18175985
SAMP1901,Turkey,40.17886111111111,25.900277777777777,6.209897588,-7.451062133,0.287539642
SAMP1903,Turkey,40.17886111111111,25.900277777777777,6.444410704,-7.714527628,0.496443013
SAMP1904,Turkey,41.672916666666666,26.553944444444443,9.855598305,-1.912247896,-4.07128678
SAMP1906,Turkey,41.672916666666666,26.553944444444443,5.826312254,-9.779625814,0.878985774
SAMP1907,Turkey,41.672916666666666,26.553944444444443,7.168667078,-5.614439501,-1.582900753
SAMP1908,Turkey,41.672916666666666,26.553944444444443,9.621195399,-2.029516543,-3.510336912
SAMP1909,Turkey,41.672916666666666,26.553944444444443,8.95695464,-2.683272085,-2.762194256
SAMP1910,Turkey,41.672916666666666,26.553944444444443,7.549316076,-5.761523778,-0.928821784
SAMP1911,Turkey,37.72347222222223,44.040166666666664,5.131516021,-8.747863557,2.020750227
SAMP1912,Turkey,37.72347222222223,44.040166666666664,6.81168342,-8.864979543,1.377757534
SAMP1913,Turkey,40.78677777777778,30.407416666666666,6.263314781,-8.345022909,0.506929231
SAMP1915,Turkey,37.24563888888889,42.47313888888889,6.534651248,-8.847187729,1.036619656
SAMP1917a,USA,29.572241666666667,-81.18465833333333,8.590701696,2.436028872,-0.28591129
SAMP1918a,USA,29.572241666666667,-81.18465833333333,7.294097728,2.099360979,-0.311897053
SAMP1919a,USA,29.572241666666667,-81.18465833333333,6.256014647,1.248746827,-0.750230371
SAMP1920a,USA,29.572241666666667,-81.18465833333333,7.009767286,2.046449635,-1.172799575
SAMP193,Zambia,-10.5434,31.150547222222222,-7.936610131,-0.694345291,-1.87108101
SAMP194,Zambia,-10.5434,31.150547222222222,-7.352454366,-1.844218888,-1.99246747
SAMP1945a,USA,29.90542222222222,-81.31225833333333,8.21173875,1.792520487,-0.115831924
SAMP1946a,USA,29.90542222222222,-81.31225833333333,6.561576876,1.903209078,-1.636142267
SAMP1947a,USA,29.90542222222222,-81.31225833333333,6.233953326,1.993629209,-1.398838162
SAMP195,Zambia,-10.5434,31.150547222222222,-7.96908277,-0.727904834,-1.715380188
SAMP1951a,USA,29.87615,-81.32223333333333,6.149640548,1.883466266,-1.22690844
SAMP1952a,USA,29.87615,-81.32223333333333,6.396022402,1.386884745,-1.017147014
SAMP196,Zambia,-10.5434,31.150547222222222,-7.693700167,-0.329448365,-1.624155035
SAMP1981a,USA,30.356669444444446,-81.62505555555555,7.618370965,1.914245525,-1.236474236
SAMP1982a,USA,30.356669444444446,-81.62505555555555,4.512985924,0.96194384,-1.405008554
SAMP1983a,USA,30.356669444444446,-81.62505555555555,6.855531253,0.630995091,-0.62979387
SAMP1984a,USA,30.356669444444446,-81.62505555555555,6.938583608,1.82807248,-1.708333217
SAMP1985a,USA,30.356669444444446,-81.62505555555555,4.718931936,0.882643703,-0.817364218
SAMP1986a,USA,30.356669444444446,-81.62505555555555,6.559042361,0.252175967,-1.714684122
SAMP1989a,USA,29.572327777777776,-81.18508611111112,7.846214431,1.930768287,-0.090133718
SAMP1990a,USA,29.572327777777776,-81.18508611111112,5.75504387,1.501519533,-0.435722455
SAMP1992a,USA,29.572327777777776,-81.18508611111112,6.772709937,1.431595531,-1.069478916
SAMP2,Kenya,0.1525611111111111,34.85568888888889,-6.933841174,-1.061441921,-1.551657709
SAMP20,Kenya,0.2896222222222222,34.49492222222222,-7.787074328,-0.816261978,-1.485234704
SAMP2001a,USA,29.572241666666667,-81.18465833333333,6.731749947,2.019210494,-1.703696381
SAMP2003a,USA,29.572241666666667,-81.18465833333333,7.334264269,2.519581853,-0.625604051
SAMP2004a,USA,29.572241666666667,-81.18465833333333,6.444301811,3.155198296,-0.714144361
SAMP203,Zambia,-13.542908333333333,29.71609722222222,-7.074689286,-1.145035832,-1.713214223
SAMP2033a,USA,29.668766666666667,-81.21313611111111,4.56547199,1.707663948,-0.688058977
SAMP204,Zambia,-13.542908333333333,29.71609722222222,-7.564184054,-0.699941722,-2.380034801
SAMP205,Zambia,-13.542908333333333,29.71609722222222,-7.496803156,-1.717970989,-2.04642303
SAMP2055a,USA,29.655219444444445,-81.22574166666666,7.179282206,0.648960054,-1.370465509
SAMP2056a,USA,29.655219444444445,-81.22574166666666,6.103645528,2.484535239,-0.032799438
SAMP2057a,USA,29.655219444444445,-81.22574166666666,7.769375439,1.631367843,-0.342598992
SAMP206,Zambia,-13.542908333333333,29.71609722222222,-7.171453989,-1.452602566,-2.735288546
SAMP2086a,USA,29.655219444444445,-81.22574166666666,8.292307694,2.765727099,-0.941971019
SAMP2087a,USA,29.655219444444445,-81.22574166666666,5.660881166,0.434801181,-0.244519332
SAMP21,Kenya,0.2896222222222222,34.49492222222222,-7.495949423,-0.826166061,-1.578121789
SAMP2118a,USA,29.655219444444445,-81.22574166666666,8.383536827,1.767347733,-1.904872155
SAMP2119a,USA,29.655219444444445,-81.22574166666666,7.380201853,1.816537824,-1.256149491
SAMP213,Zambia,-15.762358333333333,28.968938888888886,-7.594961382,-1.609635324,-1.687063359
SAMP214,Zambia,-15.762358333333333,28.968938888888886,-7.405322906,-1.91732781,-1.920667436
SAMP215,Zambia,-15.762358333333333,28.968938888888886,-7.751965769,-0.847779317,-2.031937494
SAMP216,Zambia,-15.762358333333333,28.968938888888886,-7.595844384,-0.899013951,-2.29499101
SAMP2164a,USA,29.695369444444445,-81.22765277777778,4.724571337,2.748318225,-0.372452318
SAMP2165a,USA,29.695369444444445,-81.22765277777778,5.480759551,2.038179615,-1.073467977
SAMP2166a,USA,29.695369444444445,-81.22765277777778,6.987937808,1.169546341,-1.518791986
SAMP2167a,USA,29.695369444444445,-81.22765277777778,7.938043595,2.235029392,-2.230763647
SAMP2178a,USA,29.71841111111111,-81.23335,6.142269196,1.899775399,-1.240622504
SAMP2180a,USA,29.71841111111111,-81.23335,6.35935054,0.401299635,-0.458220243
SAMP2185,USA,29.71841111111111,-81.23335,5.582237755,-0.351399565,-0.470602303
SAMP22,Kenya,0.2896222222222222,34.49492222222222,-8.044142372,-1.365371755,-1.719399588
SAMP2208a,USA,29.655219444444445,-81.22574166666666,6.973800304,1.108766741,-1.89487106
SAMP2209a,USA,29.655219444444445,-81.22574166666666,6.202644195,1.735783494,-2.034456377
SAMP2210a,USA,29.655219444444445,-81.22574166666666,7.082403322,2.851498401,-0.82907652
SAMP2227a,USA,29.71841111111111,-81.23335,6.74852392,1.332073028,-0.030673132
SAMP2228a,USA,29.71841111111111,-81.23335,8.017768483,2.28698593,-0.14179512
SAMP223,Zambia,-15.370316666666668,28.29656388888889,-8.039011018,-1.141121848,-2.44707783
SAMP224,Zambia,-15.370316666666668,28.29656388888889,-7.833281521,-1.292955156,-2.331794509
SAMP2244,Puerto Rico (USA),18.40138888888889,-66.05252777777777,1.969864529,3.013509151,0.455545335
SAMP2248,Puerto Rico (USA),18.404055555555555,-66.04466666666667,2.79091491,3.936745247,2.484908057
SAMP225,Zambia,-15.370316666666668,28.29656388888889,-7.287502435,-1.235680001,-1.84055887
SAMP226,Zambia,-15.370316666666668,28.29656388888889,-8.184566385,-1.500909272,-1.81777154
SAMP227,Zambia,-14.893480555555556,25.414788888888886,-8.066929715,-1.201442373,-2.074134095
SAMP228,Zambia,-15.370316666666668,28.29656388888889,-8.132339933,-0.941204924,-2.117610782
SAMP229,Zambia,-15.370316666666668,28.29656388888889,-8.373399393,-0.834854123,-2.128798809
SAMP2291,Puerto Rico (USA),18.327805555555557,-65.31497222222222,1.968698045,4.148032312,1.578987418
SAMP2293,Puerto Rico (USA),18.45497222222222,-65.97427777777779,1.537850454,3.045532487,2.034651686
SAMP23,Kenya,0.26732222222222224,34.46234444444445,-7.588276309,-1.376299433,-1.308697651
SAMP230,Zambia,-14.893480555555556,25.414788888888886,-8.523419128,-0.682210571,-1.778405717
SAMP231,Zambia,-14.893480555555556,25.414788888888886,-7.913332061,-0.684020901,-1.726579955
SAMP2315,Puerto Rico (USA),18.184444444444445,-67.15527777777778,1.13894548,3.078690515,2.459833097
SAMP233,Zambia,-14.892674999999999,25.414352777777776,-7.71188992,-0.957254362,-1.34444387
SAMP234,Zambia,-14.892674999999999,25.414352777777776,9.640165547,1.218434351,-2.725428585
SAMP235,Zambia,-14.892674999999999,25.414352777777776,11.67632133,3.653171292,-4.95149526
SAMP2354,Puerto Rico (USA),18.227777777777778,-67.15277777777779,3.314651964,4.33816037,1.38852999
SAMP2357,Puerto Rico (USA),18.1975,-67.13916666666667,1.912557292,3.258136947,3.031348357
SAMP236,Zambia,-14.892674999999999,25.414352777777776,10.98715568,3.396355502,-4.504882583
SAMP237,Zambia,-14.892674999999999,25.414352777777776,-7.24420645,-1.234831107,-1.383701427
SAMP239,Zambia,-16.60463888888889,23.500405555555556,-8.034945132,-0.390697347,-2.000781986
SAMP24,Kenya,0.26732222222222224,34.46234444444445,-7.500914002,-1.471822535,-1.007213058
SAMP2407,Puerto Rico (USA),17.959555555555553,-66.22591666666666,2.655821557,2.261692488,0.490736343
SAMP2408,Puerto Rico (USA),17.959555555555553,-66.22591666666666,3.491937832,3.833437405,1.721431972
SAMP2409,Puerto Rico (USA),17.959555555555553,-66.22591666666666,2.729135954,3.164712142,0.168653516
SAMP2410,Puerto Rico (USA),17.959555555555553,-66.22591666666666,2.400660947,3.923873365,1.66970019
SAMP2411,Puerto Rico (USA),17.959555555555553,-66.22591666666666,2.935696516,3.382752804,2.204703047
SAMP2412,Puerto Rico (USA),17.959555555555553,-66.22591666666666,4.25720792,1.930197796,1.283961777
SAMP2413,Puerto Rico (USA),17.959555555555553,-66.22591666666666,2.11943863,2.268507558,1.782067699
SAMP2416,Puerto Rico (USA),18.473333333333333,-66.524,2.850523131,2.571582918,1.326305334
SAMP2417,Puerto Rico (USA),18.473333333333333,-66.524,2.551429083,2.453794265,1.285916922
SAMP2423,Puerto Rico (USA),18.33686111111111,-65.99113888888888,2.025545046,3.767543218,2.581766499
SAMP2424,Puerto Rico (USA),18.33686111111111,-65.99113888888888,2.76369569,4.206352815,2.138265438
SAMP2425,Puerto Rico (USA),18.33686111111111,-65.99113888888888,2.740440406,3.569999826,0.406455884
SAMP2428,Puerto Rico (USA),18.361111111111114,-67.14166666666668,3.994321643,3.642407049,1.338123255
SAMP243,Zambia,-17.47453611111111,24.286675000000002,-7.835270335,-0.71862099,-1.787479385
SAMP2431,Puerto Rico (USA),18.263666666666666,-65.70933333333333,2.937088824,4.153434382,2.144337141
SAMP2433,Puerto Rico (USA),18.30153888888889,-65.93917777777779,3.295048338,2.578407511,0.915730893
SAMP2435,Puerto Rico (USA),18.347749999999998,-65.64469444444445,2.07115667,3.340346082,2.429838971
SAMP2437,Puerto Rico (USA),18.35024166666667,-65.76690833333333,2.927757656,2.86154521,1.32586136
SAMP2439,Puerto Rico (USA),18.38885833333333,-65.86670277777777,1.603204549,4.047315626,1.846032395
SAMP244,Zambia,-17.47453611111111,24.286675000000002,-8.001377793,-0.564326406,-1.610989388
SAMP2441,Puerto Rico (USA),18.420361111111113,-65.84181388888888,1.831876038,3.433926758,1.368917061
SAMP2446,Puerto Rico (USA),18.386138888888887,-66.21600000000001,2.340516802,3.236741065,2.37271875
SAMP2448,Puerto Rico (USA),18.386138888888887,-66.21600000000001,3.347279365,2.822583274,2.027534428
SAMP2449,Puerto Rico (USA),18.386138888888887,-66.21600000000001,2.855062914,3.303245698,1.924893486
SAMP245,Zambia,-17.47453611111111,24.286675000000002,-7.251945259,-1.549669795,-2.206671311
SAMP2450,Puerto Rico (USA),18.386138888888887,-66.21600000000001,3.359036802,2.405358761,2.167636953
SAMP2451,Puerto Rico (USA),18.386138888888887,-66.21600000000001,3.088489114,3.462207353,1.737937295
SAMP2453,Puerto Rico (USA),18.301083333333334,-67.1833888888889,2.10732901,2.936948911,2.112295442
SAMP2455,Puerto Rico (USA),18.301083333333334,-67.1833888888889,4.071708793,3.162318643,3.236068657
SAMP2456,Puerto Rico (USA),18.301083333333334,-67.1833888888889,3.072075825,3.339310279,2.431477407
SAMP2458,Puerto Rico (USA),17.978694444444443,-66.3758611111111,2.705712202,2.569359226,0.53135602
SAMP2460,Puerto Rico (USA),17.978694444444443,-66.3758611111111,3.260333934,2.475801167,3.184997794
SAMP2461,Puerto Rico (USA),17.978694444444443,-66.3758611111111,1.789888992,2.899906242,1.934971424
SAMP2462,Puerto Rico (USA),17.978694444444443,-66.3758611111111,3.651890521,2.155423959,1.867179318
SAMP2463,Puerto Rico (USA),17.978694444444443,-66.3758611111111,3.595919567,3.251263351,1.129190378
SAMP2464,Puerto Rico (USA),17.978694444444443,-66.3758611111111,2.651821251,3.793101959,1.498980975
SAMP2466,Puerto Rico (USA),18.306166666666666,-67.16072222222223,1.508246386,2.739112685,2.914330636
SAMP2468,Puerto Rico (USA),18.306166666666666,-67.16072222222223,2.327904056,2.301733342,1.797322913
SAMP2469,Puerto Rico (USA),18.306166666666666,-67.16072222222223,2.475811068,3.549013483,0.464860039
SAMP247,Zambia,-17.47453611111111,24.286675000000002,-7.476800242,-0.742551328,-1.737789501
SAMP2470,Puerto Rico (USA),18.306166666666666,-67.16072222222223,1.621437707,2.964423588,3.99991646
SAMP2471,Puerto Rico (USA),18.306166666666666,-67.16072222222223,1.315926237,2.434096989,0.991057968
SAMP2473,Puerto Rico (USA),18.227416666666667,-66.2021388888889,1.706894286,3.793140924,2.829294169
SAMP2475,Puerto Rico (USA),18.227416666666667,-66.2021388888889,2.483135198,2.344675353,2.583385008
SAMP2476,Puerto Rico (USA),18.227416666666667,-66.2021388888889,2.821165648,3.341956947,1.371052536
SAMP2477,Puerto Rico (USA),18.227416666666667,-66.2021388888889,3.153282437,2.417073405,1.321306145
SAMP2480,Puerto Rico (USA),18.049000000000003,-66.62299999999999,1.855261071,3.855834764,0.106228575
SAMP2482,Puerto Rico (USA),18.03211111111111,-66.37869444444443,4.141990789,3.928289713,0.402632199
SAMP2484,Puerto Rico (USA),18.004722222222224,-66.26147222222222,1.861835574,3.075171477,2.177192155
SAMP2486,Puerto Rico (USA),18.05063888888889,-66.49922222222223,3.012009159,1.047029273,1.499728026
SAMP2487,Puerto Rico (USA),18.019333333333332,-66.62388888888889,1.780064219,2.960085771,-0.854090997
SAMP2488,Puerto Rico (USA),18.110500000000002,-66.1658888888889,3.673476787,3.117428163,1.679035266
SAMP2489,Puerto Rico (USA),18.37938888888889,-67.18447222222223,2.513968217,4.25879862,1.92770153
SAMP2490,Puerto Rico (USA),18.330194444444444,-66.29630555555555,2.850464988,2.164907431,2.052640585
SAMP2492,Puerto Rico (USA),18.378722222222223,-67.18916666666667,1.26562928,1.952305496,1.415380617
SAMP2494,Puerto Rico (USA),18.382,-67.18905555555556,2.090287646,4.834428215,1.523546196
SAMP2495,Puerto Rico (USA),18.219055555555553,-67.14469444444445,1.598626878,3.81528341,2.458846811
SAMP2496,Puerto Rico (USA),17.988694444444445,-66.08688888888888,2.477584713,2.365190412,1.437647099
SAMP2497,Puerto Rico (USA),18.37911111111111,-67.19072222222222,3.307338028,3.567319965,2.572041909
SAMP2499,Puerto Rico (USA),18.37938888888889,-67.18447222222223,2.866011477,2.578424312,2.233263454
SAMP25,Kenya,0.26732222222222224,34.46234444444445,-7.853491053,-0.865084014,-0.976601227
SAMP2500,Puerto Rico (USA),18.478583333333333,-66.95008333333334,2.852963942,4.261765601,2.319713937
SAMP2501,Puerto Rico (USA),18.400527777777775,-67.11763888888888,2.301290251,3.172086007,1.758752231
SAMP2502,Puerto Rico (USA),18.29302777777778,-66.30672222222222,1.785532844,3.007703422,1.655537429
SAMP2503,Puerto Rico (USA),18.406,-67.12049999999999,2.105980103,2.827533857,1.558227819
SAMP2505,Puerto Rico (USA),18.01861111111111,-66.78591666666667,1.724356371,2.755763753,2.279289513
SAMP2507,Puerto Rico (USA),18.04952777777778,-66.50208333333333,2.909190299,3.739300197,0.520642446
SAMP2508,Puerto Rico (USA),18.002166666666668,-66.1091111111111,2.566208927,4.325858308,0.676003708
SAMP2509,Puerto Rico (USA),18.177944444444446,-67.14366666666668,3.33520455,3.033701573,3.052526248
SAMP2511,Puerto Rico (USA),18.018444444444444,-66.61927777777777,5.173320358,3.93336484,1.440479046
SAMP2513,Puerto Rico (USA),18.352805555555555,-66.17111111111112,3.426531332,2.795803013,2.055485216
SAMP2517,Puerto Rico (USA),18.058416666666666,-66.51094444444445,3.644387064,2.685888793,0.835145175
SAMP2524,Puerto Rico (USA),18.343722222222222,-66.32811111111111,2.20986539,3.739766337,2.619413896
SAMP2526a,Rep. Georgia,42.626444444444445,42.16616666666666,6.030953183,-9.882712329,1.600473598
SAMP2542a,Rep. Georgia,42.626444444444445,42.16616666666666,5.468284941,-9.968256808,1.789309027
SAMP2543a,Rep. Georgia,42.626444444444445,42.16616666666666,5.645234884,-9.898724595,1.843731722
SAMP255,Zambia,-16.885825,26.720977777777776,9.19689636,2.383723285,-3.827128693
SAMP256,Zambia,-16.885825,26.720977777777776,9.641631746,3.332361947,-3.437334327
SAMP2562a,Rep. Georgia,42.601194444444445,42.153555555555556,5.49490652,-9.917650873,1.863429624
SAMP257,Zambia,-16.885825,26.720977777777776,11.61998625,3.532788322,-4.473127934
SAMP2579a,Rep. Georgia,42.601194444444445,42.153555555555556,5.806888755,-9.886826064,1.373401527
SAMP258,Zambia,-16.885825,26.720977777777776,-8.387273437,-1.023753129,-1.306551122
SAMP2580a,Rep. Georgia,42.601194444444445,42.153555555555556,5.899497967,-9.632715452,1.568003171
SAMP2591a,Rep. Georgia,42.46555555555556,42.16433333333333,5.72754304,-9.971959345,1.477908306
SAMP2592a,Rep. Georgia,42.46555555555556,42.16433333333333,5.355432208,-10.15174302,1.562354195
SAMP26,Kenya,0.26732222222222224,34.46234444444445,-8.147717323,-0.205645872,-1.549754782
SAMP2607a,Rep. Georgia,42.46555555555556,42.16433333333333,5.767670216,-9.901579641,1.497693597
SAMP2608a,Rep. Georgia,42.46555555555556,42.16433333333333,5.183452096,-10.1145806,1.638243899
SAMP2624a,Rep. Georgia,42.43830555555555,42.096250000000005,5.965859794,-10.03550182,1.575732116
SAMP2645a,Rep. Georgia,42.43830555555555,42.096250000000005,5.328312501,-10.11942537,1.860295434
SAMP2646a,Rep. Georgia,42.43830555555555,42.096250000000005,5.777091163,-9.898256398,1.527920808
SAMP265,Tunisia,36.963638888888894,10.052055555555556,-4.384480374,-1.476575451,0.008692323
SAMP2655a,Rep. Georgia,42.518138888888885,42.195277777777775,5.320026456,-10.00189936,1.749695176
SAMP2656a,Rep. Georgia,42.518138888888885,42.195277777777775,5.667840431,-10.12650514,1.82684165
SAMP2657a,Rep. Georgia,42.518138888888885,42.195277777777775,5.199613953,-10.25328452,1.844498644
SAMP266,Tunisia,36.963638888888894,10.052055555555556,-4.180832986,-1.558758857,-0.172485527
SAMP2675a,Rep. Georgia,42.48280555555556,42.05108333333333,5.61806177,-9.776161088,1.420970458
SAMP2676a,Rep. Georgia,42.48280555555556,42.05108333333333,5.512393588,-10.02782039,1.538658349
SAMP2677a,Rep. Georgia,42.48280555555556,42.05108333333333,5.250048554,-9.779527035,1.914776799
SAMP269,Tunisia,36.626777777777775,9.966861111111111,-3.79679842,-1.628464049,0.166105512
SAMP2691a,Rep. Georgia,42.5665,42.14677777777778,5.810780701,-10.1162237,1.521272377
SAMP2692a,Rep. Georgia,42.5665,42.14677777777778,5.718719088,-10.03096978,1.253853586
SAMP2693a,Rep. Georgia,42.5665,42.14677777777778,5.6501906,-9.830091924,1.520972076
SAMP2694,Rep. Georgia,42.5665,42.14677777777778,5.697105233,-9.806475228,1.694866704
SAMP27,Kenya,3.547725,39.427788888888884,-7.876434598,-1.292718243,-1.931505789
SAMP270,Tunisia,36.626777777777775,9.966861111111111,-4.485953641,-1.009804132,-0.378566767
SAMP2704a,Rep. Georgia,42.516416666666665,42.126194444444444,5.571195927,-10.39387305,1.665536811
SAMP2705a,Rep. Georgia,42.516416666666665,42.126194444444444,5.75364592,-10.29424793,1.474122798
SAMP2706a,Rep. Georgia,42.516416666666665,42.126194444444444,5.550651846,-10.08555445,1.786906211
SAMP271,Tunisia,36.638083333333334,9.969111111111111,-4.657368511,-1.638503666,0.222531491
SAMP272,Tunisia,36.638083333333334,9.969111111111111,-3.946912832,-1.792504833,-0.963021377
SAMP2720a,USA,27.637166666666666,-82.55024999999999,3.686609068,1.060497454,-1.250413922
SAMP2721a,USA,27.637166666666666,-82.55024999999999,6.097769739,1.742390484,0.226032584
SAMP2722a,USA,27.637166666666666,-82.55024999999999,4.84764403,1.325052674,-0.828051043
SAMP2723a,USA,27.637166666666666,-82.55024999999999,5.799423703,1.418651332,-1.134921176
SAMP2736a,USA,27.64061111111111,-82.55527777777777,4.160681242,1.863794384,1.491669462
SAMP2737a,USA,27.64061111111111,-82.55527777777777,5.268619349,1.356366006,-1.158043569
SAMP2738a,USA,27.64061111111111,-82.55527777777777,4.470920537,0.528316823,0.213039751
SAMP2739a,USA,27.64061111111111,-82.55527777777777,6.224680813,2.265848357,0.276262303
SAMP275,Tunisia,36.14802777777778,10.34613888888889,-4.003268155,-1.403035582,0.497517682
SAMP2755a,USA,27.639527777777776,-82.55377777777778,6.502910423,0.844385763,-1.047428924
SAMP2756a,USA,27.639527777777776,-82.55377777777778,9.368688175,3.685910922,-2.286620731
SAMP2757a,USA,27.639527777777776,-82.55377777777778,8.74310544,1.578986965,-1.102370876
SAMP2758a,USA,27.639527777777776,-82.55377777777778,9.097102292,2.117502629,-2.845580142
SAMP277,Tunisia,36.14802777777778,10.34613888888889,-3.469141437,-1.760318641,-0.625196621
SAMP2777a,USA,27.638666666666666,-82.55961111111111,4.090486374,1.651274589,-2.046148702
SAMP2778a,USA,27.638666666666666,-82.55961111111111,6.041357129,2.33180085,-0.65040808
SAMP2779a,USA,27.638666666666666,-82.55961111111111,6.032383956,2.492977044,-0.814734071
SAMP2780a,USA,27.638666666666666,-82.55961111111111,4.870956795,2.293407709,-1.650042037
SAMP279,Tunisia,36.72972222222222,9.187611111111112,-4.215180948,-1.35541343,-0.331835809
SAMP2799a,USA,27.629361111111113,-82.55658333333334,3.37676748,1.556628791,-1.298901554
SAMP28,Kenya,3.547725,39.427788888888884,-7.776233353,-1.092321263,-1.339765256
SAMP2800a,USA,27.629361111111113,-82.55658333333334,4.187197164,1.945679102,1.199403666
SAMP2801a,USA,27.629361111111113,-82.55658333333334,2.773805983,1.913695476,-1.344523485
SAMP2802a,USA,27.629361111111113,-82.55658333333334,4.072982761,2.313528111,0.865964382
SAMP281,Tunisia,36.72972222222222,9.187611111111112,-4.619829557,-1.454514413,-0.688444041
SAMP2814a,USA,27.628583333333335,-82.55863888888888,6.204568941,0.149006987,-1.007233642
SAMP2815a,USA,27.628583333333335,-82.55863888888888,4.561566772,1.718194345,-0.197948683
SAMP2816a,USA,27.628583333333335,-82.55863888888888,5.12093348,1.226333486,-0.12396368
SAMP2817a,USA,27.628583333333335,-82.55863888888888,5.447293468,0.397221117,-0.794527936
SAMP283,Tunisia,36.64872222222222,10.591611111111112,-4.31460829,-1.989518273,-0.879887046
SAMP285,Tunisia,36.64872222222222,10.591611111111112,-3.988801036,-1.62710177,-0.231821529
SAMP2859a,USA,27.92913888888889,-82.44436111111112,5.534702846,1.798488049,-1.118973715
SAMP286,Tunisia,36.64872222222222,10.591611111111112,-3.949492765,-1.988375014,-0.656504564
SAMP2860a,USA,27.92913888888889,-82.44436111111112,5.578071589,1.875949421,-1.687224607
SAMP2865a,USA,27.92913888888889,-82.44436111111112,5.52942702,2.54918675,0.628916215
SAMP2866a,USA,27.92913888888889,-82.44436111111112,4.647997013,1.343329721,0.28617608
SAMP2879a,USA,27.93138888888889,-82.44375000000001,4.740401198,2.041051348,-0.475595016
SAMP288,Tunisia,35.847833333333334,9.591888888888889,-4.314373931,-2.068371108,-1.01593075
SAMP2880a,USA,27.93138888888889,-82.44375000000001,4.751023872,2.162709868,-0.30841263
SAMP2881a,USA,27.93138888888889,-82.44375000000001,4.75083619,2.585394762,-0.725427805
SAMP2882a,USA,27.93138888888889,-82.44375000000001,4.935241453,1.563899733,-0.132137188
SAMP29,Kenya,3.525183333333333,39.45001666666667,-7.709037316,-1.060039523,-1.993932523
SAMP2901a,USA,27.90897222222222,-82.43211111111111,4.444451503,1.669652018,0.757627251
SAMP2902a,USA,27.90897222222222,-82.43211111111111,4.672881322,2.803832281,-0.037803218
SAMP2903a,USA,27.90897222222222,-82.43211111111111,5.208456994,2.405617203,-0.696079664
SAMP2904a,USA,27.90897222222222,-82.43211111111111,5.162192405,1.945644087,-0.667308862
SAMP291,Tunisia,35.847833333333334,9.591888888888889,-4.075227992,-2.272341564,-0.763718874
SAMP2919a,USA,27.930194444444446,-82.43455555555556,4.616092385,1.698507892,-1.322060794
SAMP2920,USA,27.930194444444446,-82.43455555555556,3.823307514,1.36642218,-1.614403804
SAMP2923a,USA,27.930194444444446,-82.43455555555556,2.527323903,1.358568187,-1.781293874
SAMP2924a,USA,27.930194444444446,-82.43455555555556,3.997464374,1.362579804,-1.769673591
SAMP2944,Puerto Rico (USA),18.190444444444445,-65.96086111111111,2.956060501,3.172277231,3.101210386
SAMP2945,Puerto Rico (USA),18.351694444444448,-66.05177777777777,1.164374825,3.690037236,1.258512541
SAMP2946,Puerto Rico (USA),18.416527777777777,-66.08316666666666,2.336927763,2.709537763,2.239948176
SAMP2947,Puerto Rico (USA),18.11163888888889,-66.17169444444446,1.476886088,3.168952448,2.462399408
SAMP2948,Puerto Rico (USA),18.39125,-66.06119444444444,4.509747849,2.481378737,1.666334279
SAMP2949,Puerto Rico (USA),18.227249999999998,-66.59413888888888,3.78001646,2.488409465,0.578269244
SAMP2950,Puerto Rico (USA),18.227249999999998,-66.59413888888888,2.330237141,3.137623155,2.228435487
SAMP2951,Puerto Rico (USA),18.227249999999998,-66.59413888888888,2.816947815,2.564882963,0.917801798
SAMP2952,Puerto Rico (USA),18.227249999999998,-66.59413888888888,2.941085697,2.956462339,1.763485493
SAMP2953,Puerto Rico (USA),18.227249999999998,-66.59413888888888,2.585821501,3.117379337,1.508110738
SAMP2954,Puerto Rico (USA),18.227249999999998,-66.59413888888888,3.536461938,1.709202265,1.713354086
SAMP2955,Puerto Rico (USA),18.227249999999998,-66.59413888888888,1.20278817,2.72203796,1.945822687
SAMP2956,Puerto Rico (USA),18.11927777777778,-67.08141666666667,1.882905407,2.767245938,0.836051964
SAMP2957,Puerto Rico (USA),18.11927777777778,-67.08141666666667,1.658694605,2.764916345,2.055880001
SAMP2959,Puerto Rico (USA),18.11927777777778,-67.08141666666667,3.175594907,1.653077508,1.203609184
SAMP296,Italy,36.73763888888889,14.88663888888889,7.113009653,3.971180881,-3.635075624
SAMP2960,Puerto Rico (USA),18.11927777777778,-67.08141666666667,2.276750434,3.083625894,0.304577578
SAMP2961,Puerto Rico (USA),18.11927777777778,-67.08141666666667,2.402658982,3.734874066,1.453406546
SAMP298,Italy,36.73763888888889,14.88663888888889,8.207044646,3.998862949,-4.705432383
SAMP3,Kenya,0.2619388888888889,34.927863888888886,-8.048149221,-0.462364189,-1.718038941
SAMP301,Italy,36.73386111111111,14.827555555555556,7.885876133,2.866389364,-4.076974398
SAMP302,Italy,36.73386111111111,14.827555555555556,8.035845068,3.202603794,-4.358589474
SAMP304,Italy,37.596808333333335,14.425524999999999,7.981115778,2.464935505,-4.173481725
SAMP306,Italy,37.596808333333335,14.425524999999999,8.893511889,2.93149407,-5.356486917
SAMP3093,Puerto Rico (USA),18.330194444444444,-66.29630555555555,2.330331327,2.683042028,1.115401974
SAMP31,Kenya,3.2609444444444446,38.205758333333335,-7.050306154,-0.797169341,-1.403602662
SAMP310,Italy,37.60862777777778,14.412086111111112,7.764738716,2.109292211,-4.063143036
SAMP312,Italy,36.87997222222222,15.034333333333333,8.785947594,3.047759564,-5.180231578
SAMP313,Italy,36.87997222222222,15.034333333333333,10.06221901,2.389716214,-5.222911981
SAMP3194,Puerto Rico (USA),18.343722222222222,-66.32811111111111,2.453576053,2.646380952,1.429539888
SAMP324,Italy,37.692361111111104,15.085194444444445,-8.547705327,-1.660689667,-1.92664301
SAMP3266a,USA,30.31861111111111,-83.97027777777778,8.344929501,2.177930062,-0.610845921
SAMP3267a,USA,30.31861111111111,-83.97027777777778,8.457854338,2.129210734,-0.061719205
SAMP3269a,USA,30.31861111111111,-83.97027777777778,8.44475343,2.620001331,-0.050656041
SAMP3272a,USA,30.291944444444447,-84.0111111111111,8.411523793,2.676674588,-0.720142314
SAMP3273a,USA,30.291944444444447,-84.0111111111111,7.896247953,2.913087808,0.116444011
SAMP3274a,USA,30.291944444444447,-84.0111111111111,7.499428375,2.14955156,-0.510381095
SAMP3276,Puerto Rico (USA),18.378444444444444,-66.06944444444444,1.418295437,2.928763191,1.609541101
SAMP3277,Puerto Rico (USA),18.02811111111111,-66.52280555555555,3.057794851,1.790460846,1.838868537
SAMP3278,Puerto Rico (USA),18.00947222222222,-66.38263888888888,1.98640855,1.977968452,1.545276668
SAMP3279,Puerto Rico (USA),18.009027777777778,-66.38274999999999,3.438924962,3.161535174,1.356792379
SAMP3280,Puerto Rico (USA),18.107111111111113,-66.17355555555557,3.182864125,4.170818465,1.504561204
SAMP3281,Puerto Rico (USA),18.11063888888889,-66.14494444444445,1.996258146,2.341181098,1.855446244
SAMP3282,Puerto Rico (USA),18.138805555555557,-66.11333333333333,3.930316772,3.422797105,0.064138522
SAMP3283,Puerto Rico (USA),18.2435,-66.00755555555556,1.125886504,3.992845915,0.483165033
SAMP3284,Puerto Rico (USA),18.383499999999998,-66.06008333333332,3.827229933,3.527753249,1.308498874
SAMP3286,Puerto Rico (USA),18.481388888888887,-67.14888888888889,2.124881152,3.5454448,1.596754468
SAMP3287,Puerto Rico (USA),18.443055555555556,-67.14166666666668,3.671649688,2.723094845,2.224947059
SAMP3288,Puerto Rico (USA),18.454166666666666,-67.1538888888889,2.661153304,2.743488261,1.449975815
SAMP3289,Puerto Rico (USA),18.47,-67.12333333333332,3.500953833,2.951716273,1.452572483
SAMP3290,Puerto Rico (USA),18.199166666666667,-67.13194444444444,3.173482155,1.639463329,2.348339392
SAMP3291,Puerto Rico (USA),18.198888888888888,-67.1,4.182953422,3.717357046,2.615614221
SAMP3292,Puerto Rico (USA),18.186944444444446,-67.07916666666667,4.005801003,3.328198223,2.114237875
SAMP3293,Puerto Rico (USA),18.43111111111111,-67.15527777777778,1.938920511,2.2980648,2.319169355
SAMP3294,Puerto Rico (USA),18.186944444444446,-67.05611111111111,2.663755348,3.021714408,2.29408688
SAMP3295,Puerto Rico (USA),18.181944444444447,-67.04138888888889,2.240265965,2.864985755,2.065902243
SAMP3296,Puerto Rico (USA),18.189166666666665,-67.01861111111111,2.684749033,3.927098867,0.724536472
SAMP3297,Puerto Rico (USA),18.188333333333333,-66.99805555555555,1.64811993,1.173530389,0.619916684
SAMP3298,Puerto Rico (USA),18.18111111111111,-66.98611111111111,0.456951976,3.578442255,2.692581477
SAMP3299,Puerto Rico (USA),18.162777777777777,-66.99472222222222,2.496623391,2.948310484,1.618375137
SAMP33,Kenya,3.2344833333333334,39.56247777777777,-8.102329024,-0.962448643,-2.037457665
SAMP330,Italy,37.59702777777778,15.170388888888889,-8.367833391,-0.011109705,-1.604879192
SAMP3301,Puerto Rico (USA),18.145,-66.96083333333334,2.441948862,3.595628522,2.756356725
SAMP3302,Puerto Rico (USA),18.12777777777778,-66.9525,1.452809533,2.115573938,2.214430787
SAMP3303,Puerto Rico (USA),18.11277777777778,-66.95333333333333,2.055383825,2.508827339,1.879360547
SAMP3304,Puerto Rico (USA),18.086666666666666,-66.96388888888889,2.748997393,2.702630562,0.698064316
SAMP3305,Puerto Rico (USA),18.081944444444446,-66.9821388888889,3.938821807,4.527167377,1.431811123
SAMP3306,Puerto Rico (USA),18.1675,-67.18055555555556,2.069227483,2.476899715,1.176970636
SAMP3307,Puerto Rico (USA),18.141944444444444,-67.17722222222223,3.086001041,3.185531984,1.789330924
SAMP3308,Puerto Rico (USA),18.120555555555555,-67.18388888888889,2.342080585,3.852587772,2.178284751
SAMP3309,Puerto Rico (USA),18.401666666666664,-67.14500000000001,2.837310464,2.581753078,2.03844809
SAMP331,Italy,37.59702777777778,15.170388888888889,-8.198341081,-0.745851723,-1.750480384
SAMP3310,Puerto Rico (USA),18.396944444444443,-67.11527777777778,4.148295697,3.584383711,1.400568231
SAMP3311,Puerto Rico (USA),18.38277777777778,-67.09333333333333,0.629788114,2.944978821,2.820252038
SAMP3312,Puerto Rico (USA),18.37138888888889,-67.06944444444444,4.115144675,3.704382215,1.840764077
SAMP3313,Puerto Rico (USA),18.360000000000003,-67.0436111111111,2.295896104,2.172881726,1.161771912
SAMP3314,Puerto Rico (USA),18.352500000000003,-67.01805555555555,1.897147743,2.742984689,0.863213473
SAMP3315,Puerto Rico (USA),18.341666666666665,-66.99,1.885865039,2.129769942,1.334022543
SAMP3316,Puerto Rico (USA),18.337777777777777,-66.96333333333334,0.934657461,1.633059995,2.87942902
SAMP3317,Puerto Rico (USA),18.323055555555555,-66.94222222222223,2.484894869,2.408575202,1.221428671
SAMP3318,Puerto Rico (USA),18.310555555555556,-66.91777777777779,2.571912862,2.416494883,0.861777471
SAMP3319,Puerto Rico (USA),18.299166666666668,-66.89805555555556,3.342059735,3.151383822,1.639860886
SAMP332,Italy,37.61822222222222,15.139138888888889,-7.391747804,-0.52556773,-1.161684894
SAMP3320,Puerto Rico (USA),18.29888888888889,-66.87083333333332,2.843288882,3.725024783,2.187123011
SAMP3321,Puerto Rico (USA),18.32361111111111,-66.86777777777777,2.443165215,3.240455019,0.170858639
SAMP3322,Puerto Rico (USA),18.33611111111111,-66.8425,1.476594447,3.619782244,0.516754682
SAMP3323,Puerto Rico (USA),18.350555555555555,-66.82055555555556,3.024581158,4.287839164,2.013040504
SAMP3324,Puerto Rico (USA),18.36722222222222,-66.80305555555556,4.02242144,3.137628129,2.815299192
SAMP3325,Puerto Rico (USA),18.392777777777777,-66.79083333333332,2.328232171,2.259269483,0.627249105
SAMP3326,Puerto Rico (USA),18.41444444444444,-66.7713888888889,2.720329692,4.152694943,2.416733348
SAMP3327,Puerto Rico (USA),18.442777777777778,-66.75611111111111,3.774438128,3.517862401,2.163905065
SAMP3328,Puerto Rico (USA),18.223611111111108,-67.1363888888889,1.434436442,3.533763046,0.930014301
SAMP3329,Puerto Rico (USA),18.241111111111113,-67.16416666666667,1.106018826,2.934183062,1.612740141
SAMP3330,Puerto Rico (USA),18.21611111111111,-67.14861111111112,2.139783236,2.94745236,1.620304144
SAMP3331,Puerto Rico (USA),18.2125,-67.11722222222221,1.515836787,2.726143169,1.322939253
SAMP3332,Puerto Rico (USA),18.23888888888889,-67.13305555555554,0.976312644,1.788743492,0.775019361
SAMP3333,Puerto Rico (USA),18.26638888888889,-67.16611111111112,2.064193588,3.971668927,2.264436843
SAMP3334,Puerto Rico (USA),18.08222222222222,-67.00777777777778,2.690584339,3.621512688,1.475982133
SAMP337,Italy,37.08775,14.976694444444444,9.486663113,1.440920716,-2.725885397
SAMP339,Italy,37.08775,14.976694444444444,8.195061955,2.339490186,-3.422592047
SAMP3399,Puerto Rico (USA),18.084666666666667,-66.65452777777779,1.521098877,3.787180032,0.879222701
SAMP34,Kenya,3.525183333333333,39.45001666666667,-8.033596705,-0.526773011,-1.688724895
SAMP341,Malta,35.88341666666667,14.407388888888889,2.112018717,-0.182381957,-1.713246809
SAMP3452,Puerto Rico (USA),18.488055555555558,-66.94500000000001,3.384629248,3.988298031,1.200215248
SAMP3453,Puerto Rico (USA),18.45861111111111,-66.90555555555557,2.241739276,4.676526995,1.44155403
SAMP3454,Puerto Rico (USA),18.46972222222222,-66.87916666666666,3.367745562,3.320342743,1.279398383
SAMP3455,Puerto Rico (USA),18.473611111111108,-66.85277777777777,2.316953986,3.103502322,0.605541
SAMP3456,Puerto Rico (USA),18.184444444444445,-67.15527777777778,4.222978425,2.909893892,1.438687247
SAMP3457,Puerto Rico (USA),18.04388888888889,-66.96611111111112,3.10316323,3.682216054,2.068959423
SAMP3458,Puerto Rico (USA),18.394805555555553,-65.82288888888888,0.964089189,2.384187117,3.830499197
SAMP3459,Puerto Rico (USA),18.38261111111111,-65.9666388888889,4.031568223,4.186944797,2.605628605
SAMP346,Malta,35.88341666666667,14.407388888888889,2.064829636,0.109311229,-0.617090478
SAMP3460,Puerto Rico (USA),18.372777777777777,-65.93125,1.945918344,3.294892994,1.192521256
SAMP3462,Puerto Rico (USA),18.369722222222222,-65.90061111111112,2.344395742,3.330429658,2.601993591
SAMP3463,Puerto Rico (USA),18.37661111111111,-65.86752777777777,2.179971336,2.688009808,0.781018515
SAMP3464,Puerto Rico (USA),18.34358333333333,-66.16102777777779,3.005331064,2.615973573,1.821158084
SAMP3466,USA,27.14097222222222,-80.19850000000001,3.0627927,1.47521041,-1.266223604
SAMP3468a,USA,27.14097222222222,-80.19850000000001,3.056119392,1.966642063,-0.855909679
SAMP3469a,USA,27.14097222222222,-80.19850000000001,3.093693077,1.962393409,-0.9299753
SAMP347,Malta,35.824361111111116,14.451888888888888,-0.409527589,0.066166079,-1.681489892
SAMP3477a,USA,27.64397222222222,-80.39566666666667,2.627733817,1.269488446,-0.527575922
SAMP3478a,USA,27.64397222222222,-80.39566666666667,3.871863894,1.893939894,-0.748532409
SAMP3479a,USA,27.64397222222222,-80.39566666666667,5.378817808,1.459433086,-1.879608089
SAMP348,Malta,35.824361111111116,14.451888888888888,-0.251337967,-0.084270611,-1.55622292
SAMP3483a,USA,27.64397222222222,-80.39566666666667,4.774744022,2.766570637,-0.044318392
SAMP3485a,USA,28.662166666666664,-81.2065,5.309356784,1.930710925,0.998716688
SAMP349,Malta,35.824361111111116,14.451888888888888,-0.097539096,0.593190594,-1.527982649
SAMP35,Kenya,3.525183333333333,39.45001666666667,-8.426935787,-1.183118849,-1.923798482
SAMP351,Malta,35.98216666666667,14.336472222222223,4.323968523,1.802472528,-1.610346381
SAMP352,Malta,35.98216666666667,14.336472222222223,2.378557214,0.589766721,-1.247187871
SAMP353,Malta,35.98216666666667,14.336472222222223,5.034469654,0.868461431,-2.390791122
SAMP354,Malta,35.98216666666667,14.336472222222223,4.798186959,0.472094845,-1.888201603
SAMP358,Malta,35.98216666666667,14.336472222222223,2.420250547,0.218532706,-2.495486505
SAMP36,Kenya,3.525183333333333,39.45001666666667,-8.38342888,-0.974690159,-1.79125003
SAMP360,Italy,40.77388888888889,8.488888888888889,11.81545747,4.802597039,-5.60102626
SAMP363,Italy,40.77388888888889,8.488888888888889,12.19204365,4.926767127,-5.748757139
SAMP364,Italy,40.7975,8.455277777777777,11.68298912,4.839519107,-5.35947421
SAMP366,Italy,40.7975,8.455277777777777,10.96047922,4.638177789,-5.487732921
SAMP37,Kenya,3.260975,38.20577777777778,-7.412430192,-0.400063941,-1.168712304
SAMP370,Italy,39.51416666666667,8.675833333333333,9.132893428,1.478052361,-2.67666931
SAMP373,Italy,39.48527777777778,8.658333333333333,12.16328959,4.93372223,-5.621869269
SAMP375,Italy,39.48527777777778,8.658333333333333,11.69277399,4.017066564,-5.589749973
SAMP376,Italy,39.749722222222225,8.651111111111112,11.87637031,4.684824588,-5.378850867
SAMP377,Italy,39.749722222222225,8.651111111111112,12.08491454,4.203553855,-4.903673628
SAMP381,Italy,40.58694444444445,8.546944444444444,11.5147568,4.763607767,-5.172852806
SAMP382,Italy,40.58694444444445,8.546944444444444,11.65471253,4.574675492,-5.366540405
SAMP385,Italy,40.221111111111114,8.79111111111111,-8.294796498,-0.846891061,-1.425593661
SAMP388,Italy,39.49277777777778,9.3125,-7.097103895,-0.565626971,-2.061925492
SAMP389,Italy,39.49277777777778,9.3125,10.99051341,2.301556557,-4.772490009
SAMP39,Kenya,3.260975,38.20577777777778,-8.243763284,-0.616531203,-1.543316677
SAMP390,Italy,39.49277777777778,9.3125,10.72527432,1.291654986,-4.408660636
SAMP392,Italy,39.98638888888889,8.611944444444443,11.46907057,3.573712098,-5.610645954
SAMP395,Italy,39.98638888888889,8.611944444444443,11.18430839,3.629181371,-5.32887836
SAMP398,Italy,39.533055555555556,8.618611111111111,11.61305708,4.814656423,-5.088962978
SAMP399,Italy,39.533055555555556,8.618611111111111,11.98541493,4.806675583,-5.24431737
SAMP4,Kenya,0.2619388888888889,34.927863888888886,-7.327785543,-0.545844478,-2.062161876
SAMP406,Spain,38.42977777777777,-5.007472222222222,0.600315217,3.445422388,10.65578824
SAMP407,Spain,38.42977777777777,-5.007472222222222,0.549993975,3.105952332,10.01705887
SAMP41,Kenya,3.2609444444444446,38.205758333333335,-7.222505759,-1.022220985,-1.108443022
SAMP412,Spain,37.952222222222225,-4.819305555555555,1.220952827,2.599736414,9.814039867
SAMP414,Spain,38.42977777777777,-5.007472222222222,0.904839855,3.076240223,10.55737572
SAMP416,Italy,38.117916666666666,13.30375,5.54849652,3.355676937,-2.89835094
SAMP418,Italy,38.117916666666666,13.30375,5.490470883,1.603149366,-2.548573779
SAMP419,Italy,38.051944444444445,13.232861111111111,4.917758984,2.202492571,-2.760108716
SAMP42,Kenya,3.2609444444444446,38.205758333333335,-7.818131663,-1.171215395,-0.637449334
SAMP421,Italy,37.93669444444444,13.78888888888889,10.47576536,3.620840446,-5.072171423
SAMP422,Italy,37.93669444444444,13.78888888888889,5.566656674,1.759467201,-3.87209311
SAMP423,Italy,37.93669444444444,13.78888888888889,4.908752553,1.18878101,-4.03529072
SAMP428,Italy,37.953500000000005,13.77363888888889,9.65854739,3.469661296,-4.308000787
SAMP429,Italy,37.953500000000005,13.77363888888889,9.619846084,3.434257701,-5.145611227
SAMP431,Portugal,40.163444444444444,-7.1620388888888895,0.838460923,3.276367112,10.65676314
SAMP432,Portugal,40.163444444444444,-7.1620388888888895,0.724687653,3.552728375,10.01739194
SAMP433,Portugal,40.163444444444444,-7.1620388888888895,0.573370468,3.304576915,10.39753738
SAMP434,Portugal,40.163444444444444,-7.1620388888888895,1.015042262,3.158758477,10.60474589
SAMP436,Portugal,39.82520277777778,-7.461772222222223,0.642805004,3.329998102,10.70116874
SAMP437,Portugal,39.82520277777778,-7.461772222222223,0.38012742,3.434905527,10.54960703
SAMP438,Portugal,39.82520277777778,-7.461772222222223,0.416933997,3.416164208,10.69556755
SAMP439,Portugal,39.82520277777778,7.461772222222223,1.050136547,3.35433775,10.65240362
SAMP442,South Africa,-33.97083333333334,18.90833333333333,-7.468497825,-1.313200539,-1.604491728
SAMP446,South Africa,-33.97083333333334,18.90833333333333,-7.463997039,-1.566923864,-1.966007639
SAMP45,Kenya,3.547725,39.427788888888884,-7.877645763,-0.77168965,-1.400448285
SAMP451,South Africa,-33.97083333333334,18.90833333333333,-7.640849604,-1.701781274,-2.206733596
SAMP455,South Africa,-33.97083333333334,18.90833333333333,-7.691438832,-1.064688788,-2.641284244
SAMP46,Kenya,3.547725,39.427788888888884,-8.009686443,-0.584215134,-1.290818902
SAMP47,Kenya,0.5696388888888889,34.38183611111111,-7.727614515,-0.787779635,-2.079428876
SAMP48,Kenya,0.5696388888888889,34.38183611111111,-7.700647804,-0.658426992,-1.65039888
SAMP49,Kenya,0.5696388888888889,34.38183611111111,-8.101523227,-1.068612393,-1.729678607
SAMP5,Kenya,0.1525611111111111,34.85568888888889,-6.895146428,-1.533257893,-1.915948728
SAMP50,Kenya,0.5696388888888889,34.38183611111111,-7.35737898,-0.879397892,-1.839440069
SAMP51,Kenya,0.12980833333333333,37.33457222222223,-7.898097169,-0.394681713,-0.738066565
SAMP52,Kenya,0.12980833333333333,37.33457222222223,-7.093744128,-0.993777173,-1.652276447
SAMP53,Kenya,0.10192777777777778,37.170775,-7.140143374,-1.066108446,-0.628553517
SAMP538,South Africa,-32.75416666666667,18.325,-7.774703775,-1.505956744,-2.124091777
SAMP54,Kenya,0.10192777777777778,37.170775,-7.767342072,-0.688475311,-1.638350446
SAMP541,South Africa,-32.75416666666667,18.325,-8.233765049,-0.788901841,-1.295305969
SAMP546,South Africa,-32.75416666666667,18.325,-7.574412066,-1.108934629,-2.368404415
SAMP55,Kenya,0.04266388888888889,37.27754722222222,-7.568465558,-1.023370614,-1.565927789
SAMP552,South Africa,-32.75416666666667,18.325,-7.256118347,-1.284673296,-1.691463058
SAMP56,Kenya,0.04266388888888889,37.27754722222222,-8.048652704,-1.041485728,-1.480175307
SAMP567,South Africa,-25.770833333333332,31.083333333333332,-8.363678798,-0.556834769,-1.647168262
SAMP57,Kenya,0.4614972222222222,38.08498055555556,-8.932827542,-1.098351635,-1.962939924
SAMP572,South Africa,-25.770833333333332,31.083333333333332,-7.738421159,-1.282622793,-2.101395619
SAMP576,South Africa,-25.770833333333332,31.083333333333332,-7.708561721,-0.907496355,-2.170902684
SAMP577,South Africa,-25.770833333333332,31.083333333333332,-8.08261662,-0.96499911,-2.374529451
SAMP58,Kenya,0.4614972222222222,38.08498055555556,-8.601016202,-0.473148215,-1.283239408
SAMP582,South Africa,-26.8,25.208333333333332,-7.513910624,-1.064503925,-2.422963094
SAMP585,South Africa,-26.8,25.208333333333332,-7.958406008,-0.947826968,-1.550947574
SAMP589,South Africa,-26.8,25.208333333333332,-8.43677456,-1.297188854,-1.558710421
SAMP59,Kenya,0.0005166666666666667,37.32926944444445,-6.594311908,-1.612506242,-0.851682988
SAMP595,South Africa,-26.8,25.208333333333332,-7.617030271,-0.972844016,-1.477249465
SAMP6,Kenya,0.1525611111111111,34.85568888888889,-6.915676166,-1.097094971,-1.076144835
SAMP60,Kenya,0.0005166666666666667,37.32926944444445,-7.552546101,-0.73322839,-1.401926918
SAMP61,Kenya,0.008902777777777777,37.34868055555556,-7.180243446,0.371894262,-1.574227322
SAMP618,South Africa,-33.0125,18.229166666666664,-7.375723361,-0.770425291,-1.840189686
SAMP62,Kenya,0.008902777777777777,37.34868055555556,-7.626805703,-0.056125752,-1.19895545
SAMP623,South Africa,-33.0125,18.229166666666664,-7.356031224,-0.137774354,-2.225193495
SAMP625,South Africa,-33.0125,18.229166666666664,-7.084343197,-1.602974582,-2.023957824
SAMP628,South Africa,-33.0125,18.229166666666664,-7.546189747,-1.411341549,-1.96936442
SAMP63,Kenya,-1.1333333333333333,37.68333333333333,-7.980949511,-1.122798178,-1.814760997
SAMP64,Kenya,-1.1333333333333333,37.68333333333333,-7.915260145,-0.564599697,-1.871567032
SAMP642,South Africa,-34.425,18.454166666666666,-7.958783259,-0.562742922,-1.813199424
SAMP643,South Africa,-34.425,18.454166666666666,-8.225350676,-1.523039054,-1.855779306
SAMP644,South Africa,-34.425,18.454166666666666,-7.918738171,-1.600794265,-1.88411362
SAMP645,South Africa,-34.425,18.454166666666666,-8.257608711,-1.499550107,-1.991060415
SAMP646,South Africa,-34.425,18.454166666666666,-7.984803702,-0.996963687,-2.293968671
SAMP647,South Africa,-34.425,18.454166666666666,-8.154489505,-1.141621918,-1.46576387
SAMP648,South Africa,-34.425,18.454166666666666,-7.654839611,-0.758125093,-2.066002632
SAMP649,South Africa,-34.425,18.454166666666666,-7.826417662,-0.719863715,-1.68991321
SAMP65,Seychelles,-4.738111111111111,55.493944444444445,0.667769046,1.901733305,-2.711829001
SAMP657,South Africa,-33.87916666666667,18.433333333333334,-8.146277385,-1.382953971,-1.282013484
SAMP659,South Africa,-33.87916666666667,18.433333333333334,-7.91706155,-1.704840123,-1.989732066
SAMP66,Seychelles,-4.738111111111111,55.493944444444445,-1.208021901,2.080808328,-2.876419325
SAMP661,South Africa,-33.87916666666667,18.433333333333334,-7.194383954,-1.850026018,-2.042548189
SAMP663,South Africa,-33.87916666666667,18.433333333333334,-7.885443128,-1.275978846,-2.170078731
SAMP67,Seychelles,-4.603694444444444,55.45916666666667,-2.143548263,1.683373572,-2.460502305
SAMP68,Seychelles,-4.603694444444444,55.45916666666667,-2.307597437,1.804164719,-2.9676177
SAMP680,South Africa,-25.058333333333334,31.045833333333334,-7.681425734,-0.115433805,-1.01479549
SAMP685,South Africa,-25.058333333333334,31.045833333333334,-7.859833257,-1.614836459,-1.529008223
SAMP69,Seychelles,-21.188669444444443,47.15710555555555,-1.502797773,1.81854521,-3.807799428
SAMP691,South Africa,-25.058333333333334,31.045833333333334,-7.319411943,-0.327754512,-1.779474582
SAMP695,South Africa,-25.058333333333334,31.045833333333334,-7.544986284,-1.17974539,-1.700159544
SAMP7,Kenya,0.25774444444444444,34.751105555555554,-7.533769224,-1.879119298,-1.451864132
SAMP70,Seychelles,-4.7172777777777775,55.519888888888886,-1.874910813,1.031971989,-3.576727482
SAMP700,South Africa,-24.520833333333332,23.879166666666666,-7.921894899,-1.289214158,-2.20229572
SAMP702,South Africa,-24.520833333333332,23.879166666666666,-7.244262656,-0.970250727,-1.95534255
SAMP705,South Africa,-24.520833333333332,23.879166666666666,-8.164031952,-1.60952986,-2.252237723
SAMP709,South Africa,-24.520833333333332,23.879166666666666,-7.964093084,-0.675419025,-1.867864571
SAMP72,Seychelles,-4.610027777777778,55.43472222222222,-1.62239282,0.721191965,-3.026042732
SAMP726,South Africa,-28.441666666666666,26.733333333333334,-7.82761204,-1.008584519,-2.354868307
SAMP727,South Africa,-28.441666666666666,26.733333333333334,-7.071971024,-0.981398786,-1.010748291
SAMP728,South Africa,-28.441666666666666,26.733333333333334,-7.816013307,-0.463467872,-1.656995294
SAMP729,South Africa,-28.441666666666666,26.733333333333334,-7.723903917,-1.784248067,-1.307627563
SAMP73,Seychelles,-4.617138888888889,55.42066666666666,-1.4550889,1.608003229,-3.180523818
SAMP730,South Africa,-28.441666666666666,26.733333333333334,-8.112253696,-0.697010151,-2.093125955
SAMP731,South Africa,-28.441666666666666,26.733333333333334,-7.974464837,-1.424835304,-1.941838458
SAMP732,South Africa,-28.441666666666666,26.733333333333334,-7.292489523,-0.473253568,-2.448769134
SAMP733,South Africa,-28.441666666666666,26.733333333333334,-7.299115265,-0.737005236,-1.618034028
SAMP74,Seychelles,-4.617138888888889,55.42066666666666,-2.154251618,0.839611556,-1.980072256
SAMP75,Seychelles,-4.327555555555556,55.716750000000005,-2.308075378,0.937156124,-1.92223325
SAMP757,South Africa,-28.8125,26.070833333333333,-7.028873391,-2.049291793,-1.821437972
SAMP759,South Africa,-28.8125,26.070833333333333,-8.019102473,-1.125345001,-1.518981804
SAMP76,Seychelles,-4.327555555555556,55.716750000000005,-1.841361127,0.812458303,-2.291976654
SAMP77,Seychelles,-4.321194444444444,55.75044444444445,-1.784979916,0.669770822,-1.828901859
SAMP776,South Africa,-28.8125,26.070833333333333,-7.784760074,-0.566890421,-1.497680274
SAMP78,Seychelles,-4.321194444444444,55.75044444444445,-2.801141439,1.210677171,-3.586293818
SAMP781,South Africa,-28.8125,26.070833333333333,-8.203700337,-0.99987585,-2.138225555
SAMP785,Mexico,19.175002777777777,-100.92146944444445,-2.538490312,2.503207422,2.11187035
SAMP786,Mexico,19.175002777777777,-100.92146944444445,-2.223936266,2.592561726,2.108695194
SAMP787,Mexico,19.175002777777777,-100.92146944444445,-2.508135576,1.652118989,-0.291257452
SAMP788,Mexico,19.175002777777777,-99.07853055555555,-2.97582189,0.944038392,0.735747893
SAMP8,Kenya,0.25774444444444444,34.751105555555554,-7.419623599,-1.357563098,-1.44677817
SAMP80,Seychelles,-4.440027777777778,55.22577777777778,-3.698775492,0.466081903,-2.374146529
SAMP81,Seychelles,-4.3485,55.831722222222226,-2.973614928,0.854435779,-3.047132564
SAMP83,Seychelles,-4.349777777777778,55.83211111111112,-2.85939981,0.415236017,-3.338600787
SAMP835,Mexico,19.216466666666665,-100.93472222222222,-2.501004834,1.702745863,0.780842905
SAMP836,Mexico,19.216466666666665,-100.93472222222222,-1.280870468,0.971515726,0.674014105
SAMP837,Mexico,19.216466666666665,-100.93472222222222,-2.451365454,2.114813366,1.239891135
SAMP838,Mexico,19.216466666666665,-100.93472222222222,-0.943493844,1.019000457,1.266856216
SAMP839,Mexico,19.216466666666665,-100.93472222222222,0.052483049,0.111179111,0.38067295
SAMP840,Mexico,19.216466666666665,-99.06527777777778,0.479538405,1.732844063,0.230859726
SAMP841,Mexico,19.216466666666665,-99.06527777777778,-2.028527233,1.244161055,-0.292000211
SAMP842,Mexico,19.216466666666665,-99.06527777777778,-2.127444328,1.439107857,1.279976298
SAMP85,Madagascar,-21.188669444444443,47.15710555555555,-7.618458177,-0.672725399,-2.215201577
SAMP86,Madagascar,-21.188669444444443,47.15710555555555,-7.746264088,-0.255626676,-2.057488519
SAMP87,Madagascar,-21.259058333333332,47.16715,-7.571056247,-0.835147512,-2.258740134
SAMP88,Madagascar,-21.259058333333332,47.16715,-7.373996392,-0.373316169,-1.853274765
SAMP885,Mexico,19.17227777777778,-98.97412777777778,-3.186795433,0.254306237,1.461257517
SAMP887,Mexico,19.17227861111111,-98.97412833333334,-2.450506468,1.224555427,0.211903475
SAMP889,Mexico,19.17227861111111,-98.97412833333334,-1.319154396,1.582105105,3.271576239
SAMP89,Madagascar,-21.254708333333333,47.15710555555555,-7.734303602,-0.68182452,-1.983480169
SAMP891,Mexico,19.17227861111111,-98.97412833333334,-2.558936924,1.048644592,2.233490043
SAMP9,Kenya,0.27855555555555556,34.487316666666665,-7.086712896,-1.199597813,-1.343564996
SAMP90,Madagascar,-21.254708333333333,47.15710555555555,-7.874788124,-0.479430907,-2.223715806
SAMP91,Madagascar,-21.17963888888889,47.17791111111111,-7.528314998,-0.647188206,-1.994304697
SAMP915,Mexico,19.24536861111111,-98.97481333333333,0.423688643,1.233761636,-0.083039845
SAMP917,Mexico,19.24536861111111,-98.97481333333333,-1.269108626,0.061730793,0.503439801
SAMP92,Madagascar,-21.17963888888889,47.17791111111111,-7.499059947,-0.648126662,-2.160002043
SAMP920,Mexico,19.24536861111111,-98.97481333333333,-1.63547892,0.219282977,-0.217163455
SAMP921,Mexico,19.24536861111111,-98.97481333333333,-1.303278376,1.731985313,2.965534714
SAMP922,Mexico,19.24536861111111,-98.97481333333333,-1.039245932,1.449796852,2.332899359
SAMP93,Madagascar,-21.229319444444442,47.10102222222223,-7.325259004,-0.561420436,-1.719998
SAMP94,Madagascar,-21.229319444444442,47.10102222222223,-6.908992253,-0.36058446,-1.848037011
SAMP97,Madagascar,-21.19761111111111,47.166525,-8.015319892,-0.872808457,-2.225931636
SAMP99,Madagascar,-21.21642222222222,47.16356388888889,-8.229510775,-1.062408379,-2.221242178
